Dénomination,Code Postal
LA CROIX-ROUGE FRANCAISE (CRF),75694
REUNION DES OFFICIERS DE RESERVE DU SERVICE D'ETAT MAJOR,75007
ASSOCIATION  GENERALE DES ETUDIANTS ET ANCIENS ETUDIANTS DE MARSEILLE,13000
SOCIETE D'HORTICULTURE D'ORLEANS ET DU LOIRET (SHOL),45000
ŒUVRE DE LA JEUNESSE JEAN JOSEPH ALLEMAND,13005
SOCIETE DES AMIS DU CHATEAU DE MAISONS,78600
ASSOCIATION DES AMIS DU MUSEE DE L'AIR (AAMA),93352
ASSOCIATION AMICALE DES A.E. DU COLLEGE D'ENSEIGNEMENT GENERAL  DE LAVAL,53000
ŒUVRE DE SECOURS AUX ENFANTS (OSE),75010
SOCIETE D'AGRICULTURE DE L'ORNE,61000
ASSOCIATION D'ACTION ET D'INSERTION SOCIALE - ANAIS,61008
"METEO ET CLIMAT, SOCIETE FRANCAISE DE LA  METEOROLOGIE ET DU CLIMAT",94165
ASSOCIATION LA VOIX DE L'ENFANT,75012
MOUVEMENT DU NID,91000
"ASSOCIATION DES A.E. DE L' ECOLE CENTRALE DES ARTS ET MANUFACTURES",75006
"COMPAGNIE DES COURTIERS, JURES, EXPERTS, PIQUEURS DE VINS DE PARIS",94220
ASSOCIATION DU LOCKED-IN SYNDROME (ALIS),92100
SOCIETE DE GEOGRAPHIE,75006
FEDERATION GIRONDINE DE LUTTE CONTRE LES MALADIES RESPIRATOIRES,33000
SOCIETE CENTRALE D'AVICULTURE DE FRANCE (SCAF),75009
LES AILES BRISEES,75008
EQUIPES D'ACTION CONTRE LE PROXENETISME,75004
ORPHELINAT AGRICOLE DE GIEL,61210
SOCIETE DES AMIS DU MUSEE CERNUSCHI,75008
UNION CHRETIENNE DE JEUNES GENS DE PARIS,75009
"ACADEMIE DES SCIENCES, BELLES LETTRES ET ARTS DE CLERMONT-FERRAND",63000
LES JOURS HEUREUX,75016
SOCIETE FRANCAISE DE DERMATOLOGIE ET PATHOLOGIE SEXUELLEMENT TRANSMISSIBLE (SFDPST),75009
ASSOCIATION FRANCAISE DE NORMALISATION (AFNOR),93571
UNION FRANCAISE DES CENTRES DE VACANCES ET DE LOISIRS (UFCV),75019
SOCIETE EQUESTRE DE L'ETRIER,75116
SOCIETE DES ANTIQUAIRES DE L'OUEST,84800
FEDERATION  NATIONALE DES DEPORTES ET INTERNES DE LA RESISTANCE (FNDIR),75010
UNION FRANCAISE DES ASSOCIATIONS DE COMBATTANTS ET DE VICTIMES DE GUERRE (UFAC),75009
SOCIETE DES ETUDES JUIVES,75009
UNION NATIONALE POUR LES INSUFFISANTS RENAUX,75013
ASSOCIATION DE L' INSTITUT PROFESSIONNEL LEMONNIER,14013
ASSOCIATION AMICALE DES A.E. DU LYCEE MICHELET,92114
MAISON DU MISSIONNAIRE,03200
ASSOCIATION MEDICO-SOCIALE ANNE MORGAN (A.M.S.A.M),02203
SOCIETE POUR LA PROTECTION DES PAYSAGES ET DE L'ESTHETIQUE DE LA FRANCE,75007
ASSOCIATION AMICALE DES A.E. DU LYCEE CONDORCET,75009
ASSOCIATION ŒUVRES DE PEN-BRON,44262
 ASSOCIATION AMICALE DES A.E. DE LAVOISIER,75005
ASSOCIATION BOUEE D'ESPOIR,75016
 ASSOCIATION DES ECRIVAINS DE LANGUE FRANCAISE (ADELF),75014
ŒUVRE DE L'HOSPITALITE FAMILIALE,75001
POUR NOS ENFANTS,75006
SOCIETE D'EMULATION DES ECOLES ET PATRONAGES LAIQUES DE LA VILLE DE BEAUNE,21000
ASSOCIATION ENERGIE JEUNES,75008
SOCIETE DES AMIS DE MARCEL PROUST ET DES AMIS DE COMBRAY,28120
SOCIETE D'ECONOMIE ET DE SCIENCES  SOCIALES,75007
LA SOLIDARITE DE L'IMPRIMERIE NATIONALE,59128
SOCIETE DES A.E. DE L' ECOLE NATIONALE SUPERIEURE D' ARTS ET METIERS,75016
ASSOCIATION D'ENSEIGNEMENT TECHNIQUE SUPERIEUR DE L' ECOLE SUPERIEURE D'ELECTRONIQUE DE L'OUEST (AETS-ESEO),49107
LES AMIS DES ENFANTS DU MONDE,92120
ASSOCIATION STEPHANE LAMART POUR LA DEFENSE DES DROITS DES ANIMAUX ,94268
SOCIETE DE PROTECTION ET DE REINSERTION DU NORD (SPREN),59706
ŒUVRE ISRAELITE DE SECOURS AUX MALADES,54000
ASSOCIATION NATIONALE DES PARENTS D'ENFANTS AVEUGLES OU GRAVEMENT DEFICIENTS VISUELS AVEC OU SANS HANDICAPS ASSOCIES (ANPEA),75010
SOCIETE DE L'HISTOIRE DU COSTUME,75016
ASSOCIATION DEPARTEMENTALE D' AIDE AUX RETRAITES ET PERSONNES AGEES (ADARPA),97247
ASSOCIATION DU FOYER FAMILIAL,75009
ŒUVRES HOSPITALIERES FRANCAISES DE L'ORDRE DE MALTE (OHFOM),75015
COMITE FRANCAIS D'UNION ECONOMIQUE ET DOUANIERE EUROPEENNE,75016
ECOLE DES PARENTS ET EDUCATEURS D'ILE DE FRANCE,75011
FEDERATION  NATIONALE DES PRISONNIERS DE GUERRE,75116
LE FOYER DE L'INSTITUTION NATIONALE DES INVALIDES,75007
CLUB D’ETUDE ET DE PROTECTION DES ANIMAUX ET DE LA NATURE (CEPAN),53200
ASSOCIATION REALITES ET RELATIONS INTERNATIONALES (ARRI),75116
ŒUVRES SOCIALES ET ENTRAIDE PROTESTANTES (OSEP),54000
CENTRE DE SANTE HAHNEMANN,75013
LES ENFANTS DE TCHERNOBYL BELARUS,75013
ASSOCIATION D' EDUCATION POPULAIRE SAINT-DENIS FIDELIS,93100
ASSOCIATION DES MUTILES DE GUERRE DES YEUX ET DES OREILLES,75017
SOCIETE NATIONALE D'ENTRAIDE DE LA MEDAILLE MILITAIRE (SNEMM),75008
FEDERATION LEUCEMIE ESPOIR,29000
ASSOCIATION LE BON REPOS,01000
ASSOCIATION D' HYGIENE SOCIALE DE FRANCHE-COMTE,25012
SOCIETE D'EMULATION DE MONTBELIARD,25204
INSTITUTION REGIONALE DES SOURDS ET DES AVEUGLES,33000
LES AMIS DU MONT SAINT-MICHEL,50170
ASSOCIATION ARMENIENNE D'AIDE  SOCIALE,75009
FOYERS FEMININS DE FRANCE ET RESTAURANTS FAMILIAUX,75010
ASSOCIATION OZANAM,38000
TERRE D'AMITIE,69003
 ACTION CATHOLIQUE DES FEMMES,75007
 LA PREVENTION ROUTIERE,75009
SOCIETE PHILANTHROPIQUE,75007
PRIX DU JEUNE ECRIVAIN (PJE),31602
YACHT CLUB DE France,75116
"ASSOCIATION AMICALE DES ELEVES ET ANCIENS ELEVES DE L'ECOLE SPECIALE MILITAIRE DE SAINT-CYR ""LA SAINT CYRIENNE""",75007
ASSOCIATION POUR LE DEVELOPPEMENT DES RELATIONS MEDICALES ENTRE LA FRANCE ET LES PAYS ALLIES OU AMIS,75006
ASSOCIATION POUR LE DEVELOPPEMENT DU CHANT CHORAL ET DE L'ORCHESTRE D'HARMONIE,75013
ACCUEIL SAVOIE HANDICAP,73232
ASSOCIATION POUR LE DEVELOPPEMENT DE L'HYGIENE MATERNELLE ET INFANTILE (ADHMI),75014
"SOCIETE CENTRALE D'APICULTURE,  DE SERICULTURE, D'INSECTOLOGIE ET DE ZOOLOGIE AGRICOLE",75014
LES CONCERTS DE POCHE,77133
DROGUE ET JEUNESSE,75014
SOCIETE PROTECTRICE DES ANIMAUX DE NOUVELLE-CALEDONIE (SPA-NC),98835
COMITE DE PARIS CONTRE LES MALADIES RESPIRATOIRES,75004
SOCIETE VOSGIENNE DE PROTECTION ANIMALE,87000
ASSOCIATION E-ENFANCE,75116
ŒUVRE COMTOISE DE LA PROTECTION DE LA JEUNE FILLE,25011
SOCIETE POUR LA CONSERVATION DES MONUMENTS HISTORIQUES D'ALSACE,67000
FEDERATION  DE L' ENTRAIDE PROTESTANTE (FEP),75015
SOCIETE DES CORBIERES,75016
ASSOCIATION DES CLAIREUSES ET ECLAIREURS DE FRANCE,93167
SOCIETE D'EDUCATION PHYSIQUE ALSACIENNE ET LORRAINE DE PARIS,94300
ASSOCIATION DE LA MAISON DE RETRAITE PROTESTANTE DETHEL,69160
UNION NATIONALE DES COMBATTANTS (UNC),75008
AMICALE DES A.E. DES ECOLES LAIQUES DE FLERS (LA PETITE A),61100
ASSOCIATION LES AMIES DU FOYER,13006
ASSOCIATION AMICALE DES A.E. DU LYCEE POTHIER,45000
SOCIETE DES ANTIQUAIRES DE NORMANDIE,14000
ASSOCIATION POUR LE DROIT A L'INITIATIVE ECONOMIQUE (ADIE),75002
SOCIETE NATIONALE POUR LA DEFENSE DES ANIMAUX (SNDA),94110
ŒUVRE ANTI-TUBERCULEUSE DES BOUCHES-DU-RHONE,13001
SOCIETE SAVOISIENNE DE PROTECTION ANIMALE,73000
ASSOCIATION D' ENTRAIDE VIVRE,94110
"RESEAU DES EMETTEURS FRANCAIS, DIT REF",37000
SOCIETE MATERNELLE LA NOUVELLE ETOILE DES ENFANTS DE FRANCE,75005
"SOCIETE NATIONALE DESMEILLEURS OUVRIERS DE FRANCE",75012
HOME PROTESTANT POUR DAMES ET JEUNES FILLES,67000
SOCIETE NATIONALE D'ENCOURAGEMENT A L'AGRICULTURE,75007
ASSOCIATION L' ENTRAIDE DES FEMMES FRANCAISES,75017
"LE MOULIN VERT CENTRE FAMILIAL D'ACTION SANITAIRE, SOCIALE ET SOCIO-CULTURELLE",75009
"ASSOCIATION NATIONALE DE DEFENSE CONTRE L'ARTHRITE RHUMATOIDE, dite ANDAR",75012
ARC EQUIPES D'AMITIE,75004
UNION SPORTIVE ET SOCIALE INTERMINISTERIELLE (USSIM),75019
ASSOCIATION JEAN BERNARD,75005
"ASSOCIATION OUVRIERE DES COMPAGNONS DU DEVOIR DU TOUR DE FRANCE, AOCDTF",75011
AIDE ODONTOLOGIQUE INTERNATIONALE,92120
SOCIETE HISTORIQUE ET LITTERAIRE POLONAISE,75009
GRENOBLE TRANSFUSION,38700
SOCIETE TOULONNAISE DE PROTECTION CONTRE LE DANGER MORAL,82000
LES AMIS DES BETES,21380
SOCIETE FRANCAISE DE CERAMIQUE,75015
CLUB DU VIEUX MANOIR,60700
SPORTS NAUTIQUE DE L'OUEST,44470
ASSOCIATION POUR L' AIDE AUX JEUNES INFIRMES ET AUX PERSONNES HANDICAPEES,75013
LES FILS DES TUES FEDERATION NATIONALE DES FILS DES MORTS POUR LA FRANCE,75011
AMIS AVEUGLES CIVILS ET AVEUGLES DE GUERRE DU NORD FRANCE,59800
"ASSOCIATION POUR LA PROMOTION DES PERSONNES SOURDES, AVEUGLES ET SOURDES-AVEUGLES (APSA)",86004
L'ALLIANCE FRANCAISE PARIS ILE-DE-FRANCE,75270
SOCIETE DE PROTECTION DES ANIMAUX DU CENTRE,45100
ASSOCIATION NATIONALE FRANCAISE DES INFIRMIERS ET INFIRMIERES DIPLOMES ET ELEVES- (ANFIIDE),75019
COMITE DEPARTEMENTAL DE SAONE-ET-LOIRE CONTRE LES MALADIES RESPIRATOIRES ET LA TUBERCULOSE,21000
CENTRE REGIONAL DE TRANSFUSION SANGUINE DE NANTES,44011
ASSOCIATION  BAGAD DE VANNES - MENILERION,56000
ASSOCIATION DE BIENFAISANCE PROTESTANTE REGIONALE,00059
SOCIETE EDUENNE DES LETTRES-SCIENCES ET ARTS,71400
LES SALINS DE BREGILLES,25041
FEDERATION  DES ECLAIREUSES ET ECLAIREURS UNIONISTES DE FRANCE,92120
TERRE DES HOMMES FRANCE,93200
CENTRE ISRAELITE DE MONTMARTRE,75012
ASSOCIATION AMICALE DES A.E. DE L' ECOLE SUPERIEURE D'INGENIEURS EN ELECTROTECHNIQUE ET ELECTRONIQUE (AA-ESIEE),75004
FEDERATION DES  AMIS DES CHEMINS DE FER SECONDAIRES OU FACS,75010
ASSOCIATION SCIENTIFIQUE TECHNIQUE POUR L'EAU ET L'ENVIRONNEMENT (ASTEE),92000
SOCIETE NATIONALE FRANCAISE DE GASTRO-ENTEROLOGIE (S.N.F.G.E),75006
INSTITUT CATHOLIQUE DE PARIS (ICP),75014
ATOUTS ET PERSPECTIVES A TOUT AGE,37390
ASSOCIATION DES ANCIENNES ELEVES DES MAISONS D'EDUCATION DE LA LEGION D'HONNEUR,75008
SANTE FRANCE LAOS (SFL),13200
VIVRE ET DEVENIR VILLEPINTE SAINT MICHEL,75010
FEDERATION FRANCAISE DE GENEALOGIE,93508
ALLIANCE POUR LE RESPECT ET LA PROTECTION DES ANIMAUX,06300
LES AMIS DU CHATEAU DE FONTAINEBLEAU,77300
ASSOCIATION DES JARDINIERS DE FRANCE,59300
AMIS DES MONUMENTS ET SITES DE L'EURE,27800
ASSOCIATION INSTITUT CATHOLIQUE DE  LILLE,59000
ASSOCIATION REVES,69651
MISSION LAIQUE FRANCAISE,75015
"JUSQU’À LA MORT, ACCOMPAGNER LA VIE FÉDÉRATION DES ASSOCIATIONS JALMALV ET ASSOCIÉES, JUSQU’A LA MORT ACCOMPAGNER LA VIE",75007
ASSOCIATION PROTECTRICE DES AVEUGLES DES CHARMETTES,03400
ASSOCIATION CHARLES PREVOST NOTRE DAME DE LENNE,34090
SOCIETE DE L'INDUSTRIE MINERALE,75005
CENTRE MATERNEL ET INFANTILE,06130
SOCIETE GEOLOGIQUE DE NORMANDIE ET DES AMIS DU MUSEUM DU HAVRE,76600
ASSOCIATION DES TROIS SEMAINES,75009
"ASSOCIATION FRANCAISE DE CHIRURGIE",75019
ASSOCIATION AMICALE DES ANCIENS ELEVES DU LYCEE TURGOT,75014
"SOCIETE D'EMULATION AGRICULTURE, SCIENCES  ET ARTS DE  BOURG",01000
SOCIETE DES AMIS DE VERSAILLES,78600
SERVICE SOCIAL BRETON,75015
FEDERATION  DES SECOURISTES FRANCAIS CROIX-BLANCHE,77450
SOCIETE D'ENCOURAGEMENT AU BIEN (SEAB),77015
SOCIETE INDUSTRIELLE ET COMMERCIALE DE L'AISNE,02106
PATRONNAGE ET COLONIE DE VACANCES DES ECOLES PUBLIQUES DE LA VILLE DE ROUEN,76600
ASSOCIATION DES MAIRES DE FRANCE (AMF),75343
ASSOCIATION DES ELEVES ET ANCIENNES ELEVES DU COLLEGE SEVIGNE,75010
SOCIETE D'HISTOIRE GENERALE ET D'HISTOIRE DIPLOMATIQUE,75011
COMITE NATIONAL DE LA SOLIDARITE LAÏQUE,75009
COMITE NATIONAL DES CONSEILLERS DU COMMERCE EXTERIEUR DE LA France (CNCCEF),75876
ASSSOCIATION DES A.E. ET ELEVES DES CONSERVATOIRES NATIONAUX SUPERIEURS DE MUSIQUE ET D'ART DRAMATIQUE,75009
"ASSOCIATION DE PATRONAGE DE L' INSTITUTION REGIONALE DE JEUNES SOURDS D'ORLEANS",45140
ORGANISATION POUR LA PREVENTION DE LA CECITE (OPC),75014
BUREAU DES TEMPS ELEMENTAIRES,92110
FEDERATION  DES ŒUVRES LAIQUES DE LA GIRONDE,33370
ASSOCIATION PHILOTECHNIQUE,75014
ASSOCIATION DES A.E. DE L' ECOLE ALSACIENNE,75006
ASSOCIATION PHILOTECHNIQUE DE NEUILLY-SUR-SEINE,92800
ASSOCIATION PHILOTECHNIQUE DE BOIS COLOMBES,92200
SOCIETE PHILOMATHIQUE DE PARIS,75007
ASSOCIATION DES ANCIENS INTERNES ET INTERNES EN PHARMACIE DES HOPITAUX DE PARIS ET DE SA REGION (AAIIPHP),75015
SOCIETE FRANCAISE DES INGENIEURS D'OUTRE-MER,75005
ASSOCIATION APF France HANDICAP,75013
ASSOCIATION DES INVENTEURS ET FABRICANTS FRANCAIS (AIFF),75012
SOCIETE OCEANOGRAPHIE DE FRANCE,75004
NOTRE FOYER,95390
HOT CLUB DE FRANCE,81000
SOCIETE DE SECOURS ET DES OEUVRES DE MER,75015
FEDERATION DES AVEUGLES ET AMBLYOPES DE FRANCE -FAF,75006
ASSOCIATION DES AMIS DE LA FORET DE FONTAINEBLEAU,77200
"FEDERATION  FRANCAISE  DES MAISONS DES JEUNES ET DE LA CULTURE (FFMJC)",75018
ASSOCIATION LE RAYON DE SOLEIL DE CANNES,06150
ASSOCIATION DES A.E. DU LYCEE LOUIS LE GRAND,75706
ASSOCIATION L'ARDENNE SOCIALE ET CHARITABLE,08800
SOCIETE D HORTICULTURE ET DE PETITE CULTURE DE SOISSONS,02200
ASSOCIATION S.O.S SAHEL INTERNATIONAL FRANCE,92270
SOCIETE DES MUSEES DE LA VILLE DE GRASSE,06130
ASSOCIATION D' HYGIENE SOCIALE DU CANTON DE VINCENNES,94669
INSTITUT GEORGES POMPIDOU,75004
ASSOCIATION DE BIENFAISANCE PARMI LES PROTESTANTS DE ST AFFRIQUE,12400
"ASSOCIATION DE BIENFAISANCE PARMI LES PROTESTANTS DE SEDAN",08204
ASSOCIATION L'ENFANCE BATELIERE,78008
POUPONNIERE DE L'HERMITAGE,64200
HANDISUP HAUTE-NORMANDIE,76821
AMICALE DES DONNEURS DE SANG BENEVOLES DE TOULOUSE ET DE LA VEME REGION,31000
ASSOCIATION NATIONALE DES ANCIENNES DEPORTEES ET INTERNEES DE LA RESISTANCE,75017
"ASSOCIATION D'ENTRAIDE DES PUPILLES ET ANCIENS PUPILLES DE L'ETAT, DES ADOPTES ET DES PERSONNES ADMISES OU AYANT ETE ADMISES A L'AIDE SOCIALE A L'ENFANCE (AEPAPE)",75019
LADAPT,93100
ESPCI PARIS TECH ALUMNI,75020
ASSOCIATION POUR LE DEVELOPPEMENT DES ŒUVRES SOCIALES DES SAPEURS POMPIERS DE PARIS,75009
ASSOCIATION MEDECINS SANS FRONTIERES (MSF),75011
SOCIETE DE PROTECTION DE L'ENFANCE,83056
SCIENCES PO,75007
JARDINS FAMILAUX ET COLLECTIFS (FNJFC),75008
SOUVENIR DE LA BATAILLE DE VERDUN ET DE LA SAUVEGARDE DE SES HAUTS LIEUX,55100
LYCEE JEAN BAPTISTE SAY,75922
COMITE D'AIDE SOCIALE POUR L'EXPANSION DE L'INSTITUT PROPHYLACTIQUE,75007
SOCIETE DE MEDECINE LEGALE ET DE CRIMINOLOGIE DE FRANCE,75011
SOCIETE PROTECTRICE DES ANIMAUX MARSEILLE PROVENCE,13011
LYCEE DAVID D'ANGERS,49000
VALENTIN HAÜY AU SERVICE DES AVEUGLES ET DES MALVOYANTS,75012
PROMOTION SOCIALE DES AVEUGLES ET AUTRES HANDICAPES (APSAH),87000
LIGUE NATIONALE CONTRE LE CANCER,75013
MAY LOCKWOOD,22700
ETUDE DE LA NEIGE ET DES AVALANCHES (ANENA),38000
TOULOUSAINE POUR LA PROTECTION DES ANIMAUX (ATPA),31200
HYGIENE SOCIALE ET PRESERVATION ANTITUBERCULEUSE DU 3EME ARRONDISSEMENT,75013
HYGIENE SOCIALE ET PRESERVATION ANTITUBERCULEUSE DU 10EME ART,75883
ASSOCIATIONS FAMILIALES CATHOLIQUES,75018
SOCIETE PROTECTRICE DES ANIMAUX (SPA),75847
FRANCE LOUISIANE FRANCO AMERICANIE,75011
BIENFAISANCE PARMI LES PROTESTANTS DE LA PAROISSE DE VALENCE OU DIACONAT PROTESTANT DE VALENCE,26000
HOPITAL HAHNEMANN,92604
"SAUVEGARDE DE L'ENFANT, DE L'ADOLESCENT ET DE L'ADULTE EN YVELYNES",78700
LORRAINE D’AIDE AUX PERSONNES GRAVEMENT HANDICAPEES (ALAGH),54000
ŒUVRES LAIQUES DE L'AISNE,02200
INDUSTRIES DES CUIRS ET PEAUX DE LA CHAUSSURE ET INDUSTRIES S'Y RATTACHANT,75116
LYCEE HOCHE,78000
COMITE NATIONAL DE L'ENFANCE,75015
LYCEE FENELON,75018
BRULES DE FRANCE,75019
CONSEILS DES PARENTS D'ELEVES DES ECOLES PUBLIQUES (FCPE),75013
"BLESSES DE LA FACE ET DE LA TETE ""LES GUEULES CASSEES"" -UBFT",75014
VOIR ENSEMBLE,75654
ARTS DU COSTUME,75019
SOCIETE D'ENCOURAGEMENT POUR L'INDUSTRIE NATIONALE,75003
"UNION FEDERALE DES ASSOCIATIONS FRANCAISES D' ANCIENS COMBATTANTS, DE VICTIMES DE GUERRE ET DES JEUNESSES DE L'UNION FEDERALE",75869
ŒUVRE DE LA CHAUSSEE DU MAINE- CEASIL (OCM-CEASIL),75007
UNION FRANCAISE DE LA JEUNESSE,59800
SOCIETE FRANCAISE DE PHOTOBIOLOGIE,75011
ŒUVRE DES ORPHELINS DES DOUANES,75008
"AMIS DU GRAND THEATRE, OPERA DE BORDEAUX",33000
FOYER ETUDIANT - RESIDENCE INTERNATIONALE,38000
ŒUVRE NOTRE-DAME,14000
FEDERATION  NATIONALE DE PROTECTION CIVILE (FNPC),92200
L'ENTRAIDE COOPERATIVE,75009
ACADEMIE DE L'AIR ET DE L'ESPACE,31505
LIGUE FRATERNELLE DES ENFANTS DE FRANCE,75018
LAUREATS DU CONCOURS GENERAL,75003
LA LECTURE AU SANATORIUM,75475
HISPANO-AMERICAINE SAN-FERNANDO,92600
ŒUVRE D'ASSISTANCE SOCIALE A L'ENFANCE JUIVE (ODASEJ),75008
UNION DES SOCIETES D'EDUCATION PHYSIQUE ET DE PREPARATION MILITAIRE (USEPPM),75001
SOCIETES DES COLLECTIONNEURS DE FIGURINES ET AMIS DE L'HISTOIRE MILITAIRE - LA SABRETACHE,75014
LIGUE NATIONALE CONTRE LE TAUDIS,75013
OFFICIERS DE RESERVE DE L'ARMEE BLINDEE ET DE LA CAVALERIE (SAUMUR-ANORBAC),75015
LA SANTE DE LA FAMILLE DES CHEMINS DE FER FRANCAIS,75009
ACADEMIE VETERINAIRE DE FRANCE,75019
MARIE SEDIEY,64100
BIENFAISANCE PARMI LES PROTESTANTS DE LA PAROISSE DE CHAMBON SUR LIGNON,43000
INSTITUT D'ETUDES SLAVES,75008
ACADEMIES ET DU CONSERVATOIRE DE VALENCIENNES,59300
MAISON DES ANCIENS COMBATTANTS DE LA 2e D.B.,75005
FEDERATION  DES ŒUVRES LAIQUES DE LA NIEVRE,58000
INSTITUTION PROTESTANTE DES SOURDS-MUETS POUR L'ALSACE-LORRAINE,67100
SOCIETE D'ETUDES D'AVALLON (SEA),88026
COLLEGE D'OCCITANIA,31008
CHORALE STRASBOURGEOISE,67000
CLUB NAUTIQUE DE STRASBOURG,67000
NOTRE DAME DE LORETTE ET DE LA GARDE D'HONNEUR DE L'OSSUAIRE,62153
HOPITAL SAINT-MICHEL ET SAINT-VINCENT,75730
LIGUE FRANCAISE POUR LA PROTECTION DU CHEVAL,75279
ENFANTS DU MONDE,13005
COLLEGE ET DU LYCEE D'ARRAS,62000
GROUPEMENT POUR L'INSERTION DES PERSONNES HANDICAPEES PHYSIQUES (GIHP),54500
FEDERATION  DES ASSOCIATIONS DE MARINS ET MARINS ANCIENS COMBATTANTS (FAMMAC),75009
LE FOYER DE CACHAN,94300
AURORE,75010
LIGUE DIONYSIENNE DE L'ENSEIGNEMENT,93352
BANQUE FRANCAISE DES YEUX,75011
SOCIETE DES INGENIEURS DIPLOMES DE L'ECOLE SPECIALE DES TRAVAUX PUBLICS DU BATIMENT ET DE L'INDUSTRIE (ETP),75016
LE LIVRE DE L'AVEUGLE,92200
ACTION PRIVEE EN FAVEUR DU MONDE CULTUREL,75001
HOSPICES PROTESTANTS,25000
SOCIETE LITTERAIRE DES GONCOURT,75006
"LA FLAMME SOUS L'ARC DE TRIOMPHE, FLAMME DE LA NATION",75010
LA RUCHE,97200
HOSPITALIERE LES CHEMINOTS,91463
ŒUVRE DES VIEUX MUSICIENS,75004
SOCIETE FRANCAISE DES ARCHITECTES (SFA),75005
COMITE PARISIEN DE L' ASSOCIATION CATHOLIQUE DES SERVICES POUR LA JEUNESSE (ACSJF),75005
L' ORPHELINAT DES ARTS DIT LES ENFANTS DES ARTS,92400
SOLIDARITE JEUNESSE,75009
SAINTE AGNES,38950
UNION DES FABRICANTS POUR LA PROTECTION INTERNATIONALE DE LA PROPRIETE INTELLECTUELLE (UNIFAB),75005
ŒUVRE DE SAINT CASIMIR,75015
INSTITUT FRANCAIS DES RELATIONS INTERNATIONALES (IFRI),75740
UNION FAMILIALE,75784
LA CONFERENCE AU VILLAGE,94304
CENTRE POUR L'ETUDE DU COMMERCE EXTERIEUR ET DES LANGUES ETRANGERES (CECELE),75016
SOCIETE DES ETUDES ROBESPIERRISTES,75009
FEDERATION COLOMBOPHILE FRANCAISE,59000
ŒUVRES D'ASSISTANCE ET DE BIENFAISANCE,49100
COLLEGE ET DU LYCEE CHAPTAL,75282
HOSPITALITE POUR LES FEMMES,13003
SOCIETE DU SALON D'AUTOMNE,75008
DIACONAT BETHESDA,67000
SOCIETE DES ELECTRICIENS ET DES ELECTRONICIENS,75006
ŒUVRES DES LOYERS DES VIEILLARDS DU XVIIEME ARRONDISSEMENT,75013
SAUVEGARDE DE L'ENFANCE ET ADOLESCENCE DE LOIRE-ATLANTIQUE,44319
LA MAISON POUR TOUS,91211
SOCIETE DE L'HISTOIRE DU PROTESTANTISME FRANCAIS,75008
AMIS DE L'INSTITUT MEDICO-EDUCATIF CHARLES FREDERIC PERDRIZET,89520
NOTRE DAME DE BON SECOURS,75013
FACULTES DES SCIENCES DE L'UNIVERSITE DE PARIS,75008
AMICALE DES DONNEURS DE SANG BENEVOLES DE REIMS ET DE LA REGION,51100
SAINT VINCENT,78000
LYCEE VICTOR DURUY,75640
SOCIETE DES AMIS DE L'HOPITAL SAINT ANTOINE,92808
THETIS ŒUVRE POUR LES ENFANTS DE L'ATLANTIQUE,44000
SOCIETE FRANCAISE DU CANCER,75010
SOS CHEVAL,63670
SAINTE VERONIQUE,57560
LES AMIS DU BEC-HELLOUIN,27800
AERO CLUB DE FRANCE,75016
SOCIETE ZOOLOGIQUE DE FRANCE,75008
LA FLOTTE,75007
HENRI CAPITANT DES AMIS DE LA CULTURE JURIDIQUE FRANCAISE,75015
NOTRE-DAME,92200
FEDERATION DES ŒUVRES LAIQUES DE SAONE-ET-LOIRE,71017
AMICALE DES ANCIENS ELEVES DU LYCEE D’AVIGNON,83054
SOCIETE SAINT-VINCENT DE PAUL,75014
SOCIETE BOTANIQUE DE FRANCE,75005
ETUDIANTS DE L'UNIVERSITE DE DIJON,21000
PROPAGANDE POUR LE VIN,34500
REFUGE PROTESTANT DE CASTRES,81260
ECOLE NATIONALE SUPERIEURE AGRONOMIQUE D'ALGER,75007
LA RESIDENCE SOCIALE ,92300
MAISON PROTESTANTE DE RETRAITE,33000
SOCIETE DES SAUVETEURS DU NORD ET DU PAS-DE-CALAIS,59000
ŒUVRE DES CRECHES DE NICE,06300
SOCIETE HISTORIQUE ET ARCHEOLOGIQUE DU FOREZ - LA DIANA,42600
ACADEMIE D'AGRICULTURE DE FRANCE,75009
RESIDENCE RETRAITE DU CINEMA ET DU SPECTACLE ,91270
UNIVERSITAIRE D'ODONTOLOGIE - GARANCIERE (AUOG),75006
AUX MARINS,29217
CORREZIENNE DE PARIS,75000
SOCIETE DES MEMBRES DE LA LEGION D'HONNEUR (SMLH),75700
ENTRAIDE DES AFFAIRES ETRANGERES,75116
ORIENTATION ET REEDUCATION DES ENFANTS ET DES ADOLESCENTS DE LA GIRONDE (OREAG),33000
INGENIEURS DE L'ECOLE NATIONALE SUP. DES TELECOMMUNICATIONS,75019
COMITE NATIONAL CONTRE LES MALADIES RESPIRATOIRES,75006
ECOLE NATIONALE SUPERIEURE DES TECHNIQUES INDUSTRIELLES ET DES MINES D'ALES,30100
FEDERATION  DE L' ARCHE EN FRANCE,75012
ABRIS DU MARIN,29115
ASSOCIATION DES ANCIENS INTERNES DES HOPITAUX DE PARIS (AAIHP),75005
HOPITAL ASSISTANCE,75009
FEDERATION  NATIONALE ANDRE MAGINOT DES ANCIENS COMBATTANTS,75005
"BIENFAISANCE ET ENTRAIDE PROTESTANTES DES PYRENEES-ATLANTIQUES, DES HAUTES PYRENEES ET DES LANDES",64000
SOCIETE D'ENSEIGNEMENT PROFESSIONNEL DU RHONE (SEPR),69003
"CHIMISTES, INGENIEURS ET CADRES DES INDUSTRIES AGRICOLES ET ALIMENTAIRES (ACIA)",75008
INSTITUT FRANCAIS DE LA MER,75018
SOCIETE DES AMIS DES SCIENCES NATURELLES DU MUSEUM DE ROUEN,76000
FASTOUT (AUGUSTE ET DENIS),69003
COMITE DEPARTEMENTAL CONTRE LA TUBERCULOSE ET LES MALADIES RESPIRATOIRES,01000
HOSPITALIERE DE ROUGEMONT LE CHATEAU.,90200
FAMILIALE PROTESTANTE,42000
PROTESTANTE REGIONALE D'ECOUTE ET DE SOUTIEN,47400
SOCIETE PROTECTRICE DES ANIMAUX DE GRASSE,06250
INSTITUT CATHOLIQUE DE LYON (AFPICL),69288
COMITE FRANCAIS DE SECOURS AUX ENFANTS (CFSE),75002
ESPOIR - CENTRES FAMILIAUX DE JEUNES,75013
"SOCIETE D'AGRICULTURE, SCIENCES ET ARTS DE L'ARRT DE VALENCIENNES",59300
PATRONAGE LAIQUE D'AURAY,56400
OLGA SPITZER,75015
SOCIETE DES AMIS DU MUSEE NATIONAL D'ART MODERNE,75005
FEDERATION  DES ASSOCIATIONS DE CONJOINTS SURVIVANTS ET DE PARENTS D'ORPHELINS (FAVEC),75009
"PUPILLES DE L'ENSEIGNEMENT PUBLIC DES PYRENEES-ATLANTIQUE DITE ""LesPEP64""",64015
ASSOCIATION AMICALE DES DIPLOMES DE L’ECOLE NATIONALE SUPERIEURE DU PETROLE ET DES MOTEURS,92852
CRECHE LAIQUE DU QUARTIER SAINT-FARGEAU,75010
PRE DE LA BATAILLE,76000
FEDERATION FRANCAISE MAITRES NAGEURS-SAUVETEURS,75001
TOURISME ET DE PLEIN AIR,75003
CONFEDERATION MUSICALE DE FRANCE - CMF,92120
FEDERATION  DES SOCIETES D'ANCIENS DE LA LEGION ETRANGERE,75014
SOCIETE PROTECTRICE DES ANIMAUX DE LOIRE-ATLANTIQUE,44470
ENTRAIDE FRATERNELLE,75017
CRECHE DU IX ARRONDISSEMENT,75008
UNION NATIONALE INTER-PROFESSIONNELLE DU CHEVAL (UNIC),75017
FOYER PROTESTANT A CASTRES,81100
ECOLE NORMALE DE MUSIQUE DE PARIS/ALBERT ROUSSEL,75009
SOCIETE NATIONALE D'HORTICULTURE DE FRANCE (SNHF),75007
ACADEMIE D' ARCHITECTURE,75018
COMITE DEPARTEMENTAL D'HYGIENE SOCIALE (CDHS),69264
ASSOCIATION FRANCAISE POUR LE DEVELOPPEMENT DE L'ENSEIGNEMENT TECHNIQUE (AFDET),75003
SOCIETE FRANCAISE DE MEDECINE THERMALE HYDROLOGIE ET CLIMATOLOGIE MEDICALES,75001
ORPHELINAT DES EMPLOYES DE BANQUE ET DE BOURSE (OREBB),75231
TERRE NEGRE,33000
SOCIETE FENELON,75007
"SOCIETE D'AGRICULTURE, LETTRES, SCIENCES ET ARTS DE LA HAUTE-SAONE",70000
LA PROTECTRICE,17303
FRANCE PARKINSON,75013
INSTITUT TECHNIQUE DES ADMINISTRATIONS PUBLIQUES,75011
"ACADEMIE DES SCIENCES, AGRICULTURE, ARTS ET BELLES LETTRES D'AIX",13100
ŒUVRE DU REFUGE SAINTE ANNE,62280
EXCURSIONNISTES PROVENCAUX,13100
L’ABRI - MAISON PROTESTANTE D'ENFANTS,13005
ASSOCIATION DES A.E. DU LYCEE DE TOULOUSE,31068
SERVICE SOCIAL RURAL DE L'INDRE,36520
ADEDOM – Fédération nationale,92240
MAISON PROTESTANTE DE RETRAITE DU CREUSOT,71200
SOCIETE ACADEMIQUE D'ARCHITECTURE DE LYON (SAAL),69005
BIENFAISANCE PARMI LES PROTESTANTS DE L'ARRONDISSEMENT DE NERAC,47600
COMITE DEPARTEMENTAL  CONTRE LES MALADIES RESPIRATOIRES DE COTE D'OR (CDMR 21),21035
ASSOCIATION DEPARTEMENTALE DES AMIS ET PARENTS DE PERSONNES DEFICIENTES INTELLECTUELLES DE LA LOIRE (ADAPEI),42002
ENTRAIDE DE L'EGLISE PROTESTANTE UNIE DE ROUEN,76000
FEDERATION  NATIONALE FAMILLES DE FRANCE,75475
SOCIETE COOPERATION AUTONOME MEDICALE ET TECHNIQUE (SCAMT),06560
CHRETIENS DANS L'ENSEIGNEMENT PUBLIC (CDEP),75010
"SOCIETE DES LETTRES, SCIENCES ET ARTS DES ALPES MARITIMES",06000
INSTITUT FRANCAIS DES SCIENCES ADMINISTRATIVES,75116
MAISON MATERNELLE,75014
"ACADEMIE DES SCIENCES, BELLES LETTRES ET ARTS DE LA SAVOIE",73018
SOCIETE PROTESTANTE HAVRAISE DE BIENFAISANCE,76000
ROME - ATHENES,75006
ŒUVRE MONTPELLIERAINE DES ENFANTS A LA MER,34250
"ASSOCIATION DES A.E., ELEVES ET AMIS DE L'ECOLE NORMALE SUPERIEURE",75006
"AIN7, ASSOCIATION DES INGENIEURS DE L’ECOLE NATIONALE SUPERIEURE D’ELECTROTECHNIQUE, D’ELECTRONIQUE, D’INFORMATIQUE, D’HYDRAULIQUE ET DES TELECOMMUNICATIONS (ENSEEIHT)",31071
FEDERATION  NATIONALE D' ENTRAIDE PARACHUTISTE MILITAIRE,75006
SOCIETE DES ARTISTES FRANCAIS,75008
AMICALE DES OPERES DU CŒUR DE CHAMP' ARD' AISNE,51100
GUY RENARD,75006
LEHUGEUR LELIEVRE,61100
UNION DES CHAMBRES DE COMMERCE ET D'INDUSTRIE FRANCAISES A L'ETRANGER (UCCIFE),92300
RESIDENCE SOUBEIRAN,30270
AMICALE LAIQUE D'AGEN,47000
HOPITAL DE  LA RUE BELLE-ISLE,57045
ACTION CONTRE LA FAIM,75116
SOCIETE D HORTICULTURE DU DEPARTEMENT DES YVELINES,78100
LES MAISONS INTERNATIONALES DE LA JEUNESSE ET DES ETUDIANTS (MIJE),75005
UNION DES GRANDES ECOLES,75543
LE FOYER NOTRE-DAME DES SANS-ABRI,69361
NATIONS UNIES,75004
LA MAISON DES ISOLES,91460
SOCIETE LYONNAISE POUR L'ENFANCE ET L'ADOLESCENCE (SLEA),69003
CHRETIENNE INTERNATIONALE DE RENCONTRE ET DE FORMATION,69008
ENTRAIDE PROTESTANTE DE LYON,69007
ETUDIANTS DE FRANCE,75753
"ACTING FOR LIFE, LA VIE, PAS LA SURVIE",93250
ORPHELINAT DE COURBESSAC,30000
COMITE D'HYGIENE SOCIALE DU PAS-DE-CALAIS,62008
"MUSEE DES TRANSPORTS URBAINS, INTERURBAINS ET RURAUX",77301
SOCIETE DE L'ORPHELINAT DE LA BIJOUTERIE-JOAILLERIE-HORLOGERIE-ORFEVRERIE,75007
LE SOUTIEN CONFRATERNEL DES JOURNALISTES,75009
SOCIETE DES AMIS DU MUSEUM NATIONAL D'HISTOIRE NATURELLE ET DU JARDIN DES PLANTES (STEAMNHN),75005
SOCIETE DES ANCIENS TEXTES FRANCAIS,75011
AIDE AUX JEUNES DIABETIQUES,75006
CENTRE MEDICO-SOCIAL MARCEL HANRA,93250
ENFANCE ET FAMILLE,75783
AMICALE DU GENIE MARITIME ET DES INGENIEURS E.N.S.T.A,91762
SOCIETE ENTOMOLOGIQUE DE FRANCE,75272
SOCIETE FRANCAISE DU VIDE,75004
ENTRAIDE ALAT,78129
NEUROFIBROMATOSES ET RECKLINGHAUSEN,59960
SYNDICAT D'INITIATIVE FETES VERSAILLAISES,78129
REFUGE PROTESTANT DE MAZAMET,81100
ECOLE D'APPRENTISSAGE DE DENTELLE ET DE COUTURE DE DIEPPE,76600
SOCIETE DES REGATES DU  HAVRE,76200
ŒUVRE DU REFUGE DE NUIT ET DU LAIT,76060
VIEILLES TIGES,75016
ŒUVRE MARGUERITE MIGNARD,75017
COMITE D'AIDE AUX PERSONNES TRAUMATISEES ET HANDICAPEES,36000
ŒUVRE DES ORPHELINS ET DES RETRAITES DES INDUSTRIES DU LIVRE,75006
ELECTRICIENS SANS FRONTIERES (ESF),75008
PLEIN AIR ROMANS VERCORS,26100
SOCIETE MATHEMATIQUE DE FRANCE,75005
ENTRAIDE A DOMICILE,75015
"BEAUREGARD - FOYERS, INTERNATS DAUPHINOIS D'EDUCATION SPECIALISEE (F.I.D.E.S)",38600
ORPHELINAT DE L'ENSEIGNEMENT PUBLIC,75016
ECOLE SUPERIEURE D'INTERPRETES ET DE TRADUCTEURS DE L'UNIVERSITE DE PARIS III,75006
SOCIETE DES AMIS DU MUSEE DE L'HOMME (SAMH),75116
LES AMIS DU MUSEE CONDE-CHATEAU DE CHANTILLY,60631
ECOLE A L'HOPITAL MARIE-LOUISE IMBERT,75231
SOCIETE SCIENTIFIQUE ET LITTERAIRE DES ALPES DE HAUTE PROVENCE,04000
LES JEUNES ECONOMES,75017
INSTITUT FRANCAIS D'HISTOIRE SOCIALE,75006
"ACADEMIE DES SCIENCES, BELLES LETTRES ET ARTS DE ROUEN",76000
PARENTS D'ENFANTS AYANT DES PROBLEMES DE CROISSANCE - GRANDIR,92600
MAISON DES MARINS DU HAVRE,76000
SOCIETE MEDICALE DES HOPITAUX DE PARIS (SMHP),75014
SAINT JEAN DES GRESILLONS - ETABLISSEMENT D'HOSPITALISATION PRIVE ET D'ŒUVRES  SOCIALES.,92230
UNION NATIONALE DES TECHNICIENS BIOLOGISTES,93100
MORPHOLOGISTES,54000
SOCIETE INDUSTRIELLE DE MULHOUSE,68100
SOCIETE DES INGENIEURS EN GENIE ELECTRONIQUE- ANCIENS ELEVES ESIGELEC,76600
AMITIES DE LA RESISTANCE,75015
FEDERATION  NATIONALE DES MILITAIRES BELGES MUTILES ET INVALIDES DE GUERRE,75008
INSTITUT SUPERIEUR DE L'AERONAUTIQUE ET DE L'ESPACE  (ISAE-SUPAERO-ENSICA),75116
SOCIETE NATIONALE DE SAUVETAGE EN MER (SNSM),75009
FEMMES MEDECINS,75015
SOCIETE DES EXPERTS CHIMISTES DE FRANCE (SECF),75007
SOCIETE FRANCAISE DE MINERALOGIE ET DE CRISTALLOGRAPHIE,75006
ŒUVRE DE LA MISERICORDE-AIDE SILENCIEUSE,75014
ŒUVRE DE SAINTE ELISABETH,43000
SUPELEC,75829
ECOLE SPECIALE D'ARCHITECTURE - ESA,75014
INGENIEURS VIOLET-EEMI-EIGSI,17000
BIBLE ET TERRE SAINTE,75006
PREVENTION EN ALCOOLOGIE ET ADDICTOLOGIE (ANPAA),75002
ANCIENS ETUDIANTS DE L'ECOLE NATIONALE D'ADM. MUNICIPALE (A.S.S.E.N.A.M),75017
LETTRES ET SCIENCES HUMAINES DES UNIVERSITES DE PARIS,75007
ŒUVRE SAINT-JEANNAISE,26190
CATHOLIQUE DES SERVICES DE LA JEUNESSE,42530
UNION CHRETIENNE DE JEUNES GENS DU HAVRE,76801
FEDERATION  DEPARTEMENTALE DE L'YONNE DES ŒUVRES COMPLEMENTAIRES DE L'ECOLE PUBLIQUE (FOCEPY) - YONNE,89200
HOPITAL SAINT-JACQUES,75015
SERVANNAISE DE LA RUE PEPAILLEUR,00035
SOCIETE PROTECTRICE DES ANIMAUX DE VANNES ET DE LA REGION,56000
MARIE DE LUZE,33000
ŒUVRES LAIQUES DU LOT-ET-GARONNE,47000
SOCIETE PROTECTRICE DES ANIMAUX DE BORDEAUX ET DU SUD-OUEST,33700
LA LIGUE DE L'ENSEIGNEMENT,75020
INTEGRATION DES HANDICAPES MOTEURS (ANPIHM),75007
LORRAINE POUR LA SAUVEGARDE DE L'ENFANCE ET DE L'ADOLESCENCE,00054
MOHAR-AHBBETOULOTH (DOTATION DES JEUNES FILLES),75008
INSTITUT DES VAISSEAUX ET DU SANG (IVS),75010
MAISON DE SANTE PROTESTANTE D'ALES,30104
FONDS ARMENIEN DE FRANCE,75014
PRESENCE ET ACTIONS AVEC LES PERSONNES AGEES DE LA VILLE DE  LYON (P.A.P.A.V.L.),69003
FEDERATION  FRANCAISE DE CARDIOLOGIE,75017
ŒUVRE ISRAELITE DES SEJOURS A LA CAMPAGNE,75011
ŒUVRE DES APPRENTIS,75008
ECHANGES ET CONSULTATIONS TECHNIQUES INTERNATIONAUX (ECTI),75018
FEDERATION  DES ŒUVRES LAIQUES DU LOT,46000
CONSERVATEURS DES COLLECTIONS PUBLIQUES DE FRANCE,75017
AMIS DE VAUX LE VICOMTE,77500
ALSACE ET DE LORRAINE,75008
ASSOCIATION DES DONNEURS DE VOIX,19001
AMIS DE REINE DE MISERICORDE,50200
UNION DES ASSOCIATIONS DE DIPLOMES DES ECOLES SUPERIEURES DE COMMERCE,92000
SOCIETE DES AMIS DU LOUVRE,75009
JEUNESSE  BLESOISE,41000
SOCIETE SCIENTIFIQUE D'HYGIENE ALIMENTAIRE (SSHA),75014
ŒUVRE DES PUPILLES ORPHELINS ET FONDS D'ENTRAIDE DES SAPEURS-POMPIERS DE FRANCE,75311
CARISPORT,49122
COMITE DE PATRONAGE D'APPRENTIS DU 15E ARRONDISSEMENT,75019
SOCIETE MEDICO-PSYCHOLOGIQUE,75014
SOCIETE ARCHEOLOGIQUE ET HISTORIQUE DE LA CHARENTE,16000
S.O.S. GRAND BLEU,06230
"MAISON DE L’EUROPE, CENTRE DE RENCONTRES INTERNATIONALES",75015
LYCEE JANSON DE SAILLY,75004
SOCIETE DES AMIS DU VIEIL ANNECY,74000
COMITE FRANCAIS POUR LE FONDS DES NATIONS UNIES POUR L'ENFANCE (UNICEF),75006
SERENA,13009
SOCIETE FRANCAISE DE STATISTIQUE (SFDS),75009
SOCIETE DES AMIS DU MUSEE EUGENE-BOUDIN,14600
PATRONAGE LAIQUE MUNICIPLAL DE BOIS-COLOMBES,92270
AMIS DE SAINT-CYR ET CŒTQUIDAN,75013
LA GUILDE EUROPEENE DU RAID,75014
LA DEMEURE HISTORIQUE,75005
"ARTISTES, PEINTRES, SCULPT, ARCHI,..  (FONDATION TAYLOR)",75006
AMIS DE L'ABBAYE DE BOSCODON,05200
ENTRAIDE LUTHERIENNE DE L'INSPECTION DE PARIS,75001
FEDERATION  DES SOCIETES BRETONNES DE LA REGION PARISIENNE (FSBRP),75015
AMICALE DES ESSAIS EN VOL,75015
SAINTE-MARIE DES BATIGNOLLES,75017
ALLIANCE NATIONALE DES UNIONS CHRETIENNES DES JEUNES GENS DE FRANCE,75013
LA CITE DES FLEURS - DIACONESSES,92400
PATRONAGE SAINTE MELANIE (APSM),75005
DEVELOPPEMENT DE LA STOMATOLOGIE (AFDS),75013
VIOLETTES,77950
ETUDIANTS DE MONTPELLIER,34025
ETUDIANTS ET ETUDIANTES DE L'UNIVERSITE DE PARIS,86000
FEDERATION  NATIONALE DES ASSOCIATIONS DEPARTEMENTALES AGREEES DE PECHEURS AMATEURS AUX ENGINS ET AUX FILETS SUR LES EAUX DU DOMAINE PUBLIC ET DE PROTECTION DE LA NATURE ET DU MILIEU AQUATIQUE,44850
CONSEIL NATIONAL DES FEMMES FRANCAISES,75014
MEDECINS DU MONDE,75018
SOCIETE D'HISTOIRE DE LA PHARMACIE,75006
NAITRE ET VIVRE - ASSOCIATION POUR L'ETUDE ET LA PREVENTION DE LA MORT SUBITE DU NOURRISSON,75116
FEDERATION  GENERALE DES PEP (FG PEP),94026
AMIRAL DE COLIGNY,06000
SOCIETE DES AMIS DE VINCENNES,94366
"MARS, ASSOCIATION DES ANCIENS ET DES AMIS DE L’ECOLE DE GUERRE ET DES ECOLES SUPERIEURES DE GUERRE",75007
ENTRAIDE DES AUTEURS ET COMPOSITEURS DE MUSIQUE PROF. DE LA SACEM,92521
ASILE DE NEUENBERG,67340
"ASSOCIATION FRANCAISE D' UROLOGIE (AFU)",75017
SOCIETE FRANCAISE DE NEUROLOGIE,75013
FEDERATION LEO LAGRANGE,75018
"ACADEMIE DES SCIENCES, LETTRES ET ARTS DE MARSEILLE",13000
ŒUVRE DE PLEIN AIR DES JEUNESSES LAIQUES ET REPUBLICAINES,66660
RENAISSANCE FRANCAISE CULTURE SOLIDARITE FRANCOPHONIE,75116
SOCIETE DES AMIS DE L'ECOLE CENTRALE - PARIS DEVELOPPEMENT,75008
"BIENFAISANCE PARMI LES PROTESTANTS REFORMES DE LACAUNE, VIANE, GIJOUNET, ESCROUX ET SENAUX",81200
MUSEE DE LA RESISTANCE NATIONALE (MRN),94500
ANCIENS DES GOUMS MAROCAIN ET DES A.I EN FRANCE-LA KOUMIA,92100
CONFEDERATION DES ŒUVRES LAIQUES DE VACANCES D'ENFANTS ET D'ADOLESCENTS JEUNESSE AU PLEIN AIR,75008
L'ESSOR,92200
CENTRE HOSPITALIER DE BLIGNY OU CHB,91640
FEDERATION  NATIONALE DES CENTRES DE LUTTE CONTRE LE CANCER,75013
HYGIENE SOCIALE ET PRESERVATION ANTI-TUBERCULEUSE DE NANTERRE,92000
SOCIETE GEOLOGIQUE DE FRANCE,75005
ASSOCIATION FRANCAISE DE LUTTE ANTIRHUMATISMALE (AFLAR),75013
SOCIETE FRANCAISE DE  MICROBIOLOGIE,75014
CULTURES FRANCE,75007
SOCIETE DE PROMOTION SOCIALE,75007
ŒUVRE DE LA BOUCHEE DE PAIN,75007
FOYER DES ISRAELITES REFUGIES,75016
CONGRES DE PSYCHIATRIE ET DE NEUROLOGIE DE LANGUE FRANCAISE,75014
MUSEE DE LA MER POUR L'ATLANTIQUE DU PORT LOUIS,75016
LE FOYER POUR TOUS,33000
SEMAINE DE LA BONTE,75014
AMPUTES DE GUERRE DE FRANCE,75008
ŒUVRES DU PERE COLOMBIER,81530
FOYERS DES JEUNES,75013
(EX-TROUPES COLONIALES) FEDERATION  NATIONALE DES ANCIENS D'OUTRE-MER ET DES ANCIENS COMBATTANTS  DES TROUPES DE MARINE,92500
CONSULTATION DE NOURRISSONS ET GOUTTE DE LAIT,51100
MAISON DE RETRAITE PROTESTANTE,92000
ECOLE NAVALE (AEN),75009
FESTIVAL INTERNATIONAL DU FILM - AFFIF,75007
SOCIETE FRANCAISE DE MUSICOLOGIE,75002
SOCIETE D'ECONOMIE POLITIQUE,75015
SOCIETE DES GENS DE LETTRES (SGDL),75014
(LE VIEIL ARGENTEUIL) SOCIETE D'HISTOIRE ET D'ARCHEOLOGIE D'ARGENTEUIL ET DU PARISIS,95100
SECRETAIRES ET ANCIENS SECRETAIRES DE LA CONFERENCE  DES AVOCATS A PARIS,75001
UNION MAISON DE RETRAITE MARECHAL LECLERC,31470
SURINTENDANTES D'USINES ET DE SERVICES SOCIAUX,75014
POUR QUE L'ESPRIT VIVE,75003
COMITE FRANCAIS D'EDUCATION ET D'ASSISTANCE DE L'ENFANCE DEFICIENTE,75011
UNION CONFEDERALE D'INGENIEURS ET TECHNICIENS FRANCE-INTEC,75015
SOCIETE DES AMATEURS DE GENEALOGIE DE L’ARDECHE - SAGA, 07210
PROFESSIONNELS NAVIGANTS DE L'AVIATION,75016
CHEMINOTS COMBATTANTS ANCIENS PRISONNIERS,75010
SOCIETE PREHISTORIQUE FRANCAISE,75011
EPILEPSIE FRANCE,75015
ASSOCIATION DES ANCIENS ET AMIS DE LA CITE UNIVERSITAIRE DE PARIS ALLIANCE INTERNATIONALE,75014
CREMATISTE,75018
UNION NATIONALE DES EVADES DE GUERRE,75001
COMITE NATIONAL OLYMPIQUE ET SPORTIF Français,75013
SANTE MENTALE DU 13EME ARRONDISSEMENT DE PARIS (ASM13),75013
MAISON DES ENFANTS,51210
REEDUCATION ET L'EDUCATION DES HANDICAPES ADULTES (AREHA),75020
SOCIETE DU PRET GRATUIT ET DU FOYER DES JEUNES TRAVAILLEURS,31000
SOCIETE PROTECTRICE DES ANIMAUX DE LYON ET DU SUD-EST,69002
ECOLE NATIONALE SUPERIEURE DES MINES DE PARIS,75006
GROUPE D'ŒUVRES SOCIALES DE BELLEVILLE,75020
ŒUVRE DE SAINT LEONARD,69270
SOCIETE REGIONALE D'HORTICULTURE DE MONTREUIL (SRHM),93100
ACCUEIL DE LA MERE ET DE L'ENFANT,75014
HYGIENE SOCIALE ET PRESERVATION ANTI-TUBERCULEUSE DE MONTREUIL,93104
LA FAMILLE ADOPTIVE FRANCAISE,92100
MEMBRES DE L'ORDRE DES PALMES ACADEMIQUES (AMOPA),75007
HUMANITE ET BIODIVERSITE,75006
AUXILIAIRE DE LA JEUNE FILLE,13382
AMIS DES ANES,63600
SOCIETE NATIONALE DE PROTECTION DE LA NATURE (SNPN),75014
MEDAILLES DE LA JEUNESSE ET DES SPORTS (FFMJS),75008
COMITE CREILLOIS DES COLONIES DE VACANCES,00060
INSTITUT REGIONAL DES JEUNES SOURDS ET DES JEUNES AVEUGLES DE MARSEILLE,13007
SOCIETE DE CHARITE MATERNELLE DE PARIS,75007
"ECOLES NATIONALES SUPERIEURES DES BEAUX ARTS, D’ARCHITECTURE ET D’ARTS», DITE ""GRANDE MASSE DES BEAUX-ARTS""",75005
ŒUVRE FALRET,75015
OFFICIERS DE RESERVE DES CORPS DE L'ARMEMEMENT (AORCA),75509
SOCIETE DE L'HISTOIRE DE PARIS ET DE L'ILE-DE-FRANCE,75006
HOPITAL SAINT-CAMILLE,94490
ŒUVRE D'ASSISTANCE AUX BETES D'ABATTOIRS (OABA),75011
LYCEE DE COUTANCES,50200
"INSTITUT D'ETUDES, DE RECHERCHES, DE FORMATION EN ACTION SOCIALE-IERFAS",75015
REPOS,27410
ŒUVRE D'ASSIST MEDICALE AUX VEUVES ET ORPHELINS DES OFFICIERS DE LA GUERRE,75006
REGIE THEATRALE,75004
SAINT HUBERT CLUB-DE-FRANCE,75008
UNION CHRETIENNE DE JEUNES FILLES ET JEUNES GENS (UCJF/JG).,75008
SOCIETE HISTORIQUE ET ARCHEOLOGIQUE DE L'ORNE,61000
HYGIENE SOCIALE DU DE LA SARTHE (AHSS),72000
ASSOCIATION DITE FONDATION PIERRE BUDIN,75015
SAUVONS LES MERES ET LES BEBES,75005
INSTITUT INTERNATIONAL D'ANTHROPOLOGIE,75680
GUILLAUME BUDE,75007
SOLEIL ET SANTE,75009
ŒUVRE D'ORMESSON ET DE VILLIERS,75011
SOCIETE AMICALE DES INGENIEURS DES PONTS ET CHAUSSEES,75007
LE PAYS D'AUGE,14100
PUPILLES DE L'ENSEIGNEMENT PUBLIC DE L'ALLIER,03400
ECOLE POLYTECHNIQUE - AX,75011
SOCIETE HISTORIQUE REGIONALE DE VILLERS COTTERETS,02600
TECHNIQUE DE FONDERIE (INGENIEURS ET TECHNICIENS),92318
DIALOGUE ET COOPERATION,75012
SOCIETE DES POETES FRANCAIS,75006
SOCIETE DES SAVANTS ET INVENTEURS DE FRANCE,92100
HOSPITALIERE DE L'ARBRESLE,69593
FRA-ANGELICO,75008
UNION CHRETIENNE DES JEUNES GENS,67000
ECOLE DE FONDERIE ET DE FORGE,92310
"ASSOCIATION NATIONALE JONATHAN PIERRES VIVANTES, PARENTS ET FRERES ET SŒURS ENDEUILLES (ANJPV)",75004
ETUDIANTS PROTESTANTS DE PARIS,75011
SOCIETE AGRICULTEURS DE FRANCE (SAF),75009
LA TOULINE,29200
ASSOCIATION DES ANCIENS DU LYCEE ALAIN D'ALENCON,61000
SCIENCES ET TECHNOLOGIES DE L'INFORMATION ET DES SYSTEMES,75008
ORPHELINAT DE GARCONS POUR PARIS ET LE DEPARTEMENT DE LA SEINE,94000
FEDERATION  FRANCAISE DES SOCIETES DE SCIENCES NATURELLES,75231
SOCIETE CENTRALE D'EDUCATION ET D'ASSISTANCE POUR LES SOURDS-MUETS EN FRANCE,75013
INSTITUT INTERNATIONAL DE SOCIOLOGIE,75116
ETUDIANTS DE L'UNIVERSITE DE GRENOBLE,38040
UNION DES AMIS ET COMPAGNONS D'EMMAUS (UACE),93000
SOCIETE DE PROTECTION DES APPRENTIS ET ENFANTS EMPLOYES DANS LES MANUFACTURES,75007
"ACADEMIE DES SCIENCES, LETTRES ET ARTS D'AMIENS",79004
FONDS FRANCAIS POUR LA NATURE ET L'ENVIRONNEMENT,75007
SOUVENIR FRANCAIS,75017
"LIGUE DE L'ENSEIGNEMENT, FEDERATION DEPARTEMENTALE DES LANDES LIGUE DE L'ENSEIGNEMENT DES LANDES",40000
ASSOCIATION DES DAMES DE LA PROVIDENCE,13010
ALLIANCE POUR LA RECHERCHE EN CANCEROLOGIE (APREC),75020
"IRIS - IMMUNODEFICIENCE PRIMITIVE, RECHERCHE, INFORMATION, SOUTIEN",55100
AVIORNIS FRANCE INTERNATIONAL,33460
ENFANTS DES CHEMINOTS,63540
ŒUVRE DES DAMES DU CALVAIRE,69005
DEVELOPPEMENT DES ŒUVRES D'ENTRAIDE DANS L'ARMEE,75015
SOCIETE DES NATURALISTES ET DES ARCHEOLOGUES DE L'AIN (SNAA),01000
SOCIETE CHRONOMETRIQUE DE FRANCE,25000
CERCLE D'ETUDE ARCHITECTURALES,75007
GROUPEMENT DES INTELLECTUELS AVEUGLES ET AMBLYOPES (GIAA),75007
AMIS DE L'ŒUVRE WALLERSTEIN,33740
ORGANISATION POUR LA SANTE ET L'ACCUEIL (ORSAC),01110
SOCIETE ARCHEOLOGIQUE DE SENS,89015
UNION STENOGRAPHIQUE FRANCAISE,75013
ORCHESTRE DES ETUDIANTS DE PARIS,75005
TRAITEMENT ET L'ADAPTATION SOCIALE DES HANDICAPES,17370
AVARAP (ASSOCIATION POUR LA VALORISATION EN RELATION AVEC LES PROFESSIONNELS),75014
ASSOCIATION POUR L'ENSEIGNEMENT DES SCIENCES ANTHROPOLOGIQUES,75116
DAMES DE LA PROVIDENCE,45000
SOCIETE HISTORIQUE ET ARCHEOLOGIQUE DE LIBOURNE,33501
SOCIETE HIPPIQUE FRANCAISE,75007
ACADEMIE DES SPORTS,75017
CHASSEURS DE GRAND GIBIER (ANCGG),75003
FEDERATION  DES FAMILLES DE FRANCE - NORD,59000
SOCIETE FRANCAISE DE NUMISMATIQUE,75002
PLANETE URGENCE,93100
SOCIETE AMICALE DES ELEVES ET A.E. DES ECOLES DU SERVICE DE SANTE DES ARMEES ET DE L'ECOLE DU VAL-DE-GRACE,75005
ACADEMIE NATIONALE DE CHIRURGIE,75006
SOCIETE PROTECTRICE DES ANIMAUX DE SAINT ETIENNE LOIRE,42100
TECHNIQUE MARITIME ET AERONAUTIQUE (ATMA),75008
ESPEREM,75015
FAMILIALE ET SOCIALE,76600
SOCIETE MYCOLOGIQUE DE FRANCE,75012
LOZERIENNE DE LUTTE CONTRE LES FLEAUX SOCIAUX,48100
LIGUE FRANCAISE POUR LA SANTE MENTALE,75008
FEDERATION  FRANCAISE DE SAUVETAGE ET DE SECOURISME (FFSS),75017
SAINT RAPHAEL,92160
LIEUTENANTS DE LOUVETERIE DE FRANCE,75003
NOTRE-DAME DE JOYE,75015
SOCIETE FRANCAISE DE GRAPHOLOGIE,75008
SOCIETE DE L'EURE POUR LA PROTECTION DES ANIMAUX,27000
UNION DES FRANCAIS DE L'ETRANGER (UFE),75008
COMITE DE L'AIDE PAR LE PRET,75010
SOCIETE ACADEMIQUE DE SAINT-QUENTIN,02100
ASSOCIATION FRANCAISE CONTRE LA MYOPATHIE (AFM),75013
AERO-CLUB DE L'AISNE,02590
CARE FRANCE,75019
AIDE FRATERNELLE AUX PETITES MINEURES,92000
CENTRE DE REEDUCATION DE L'OUIE ET DE LA PAROLE -PAUL BOUVIER,30170
SOCIETE D'EMULATION DU BOURBONNAIS,03000
SOCIETE MOULINOISE DES COLONIES SCOLAIRES DE VACANCES,03000
ASSOCIATION AMICALE DES A.E. DU LYCEE BANVILLE,03017
VICHY VACANCES,03200
SOCIETE AMICALE ET D'AIDE MUTUELLE DES ARTISTES MUSICIENS DE LA GARDE REPUBLICAINE,75004
SOCIETE DES AMIS DES FACULTES DE PHARMACIE DE PARIS DITE AMIFAC PHARMA,75006
INGENIEURS DU CONSERVATOIRE NATIONAL DES ARTS ET METIERS,75003
LA MAISON,13120
SOCIETE D'ENCOURAGEMENT AU PROGRES,75015
LYCEES MARCEAU ET HELENE BOUCHER DE CHARTRES,28000
CENTRE CATHOLIQUE DES INTELLECTUELS FRANCAIS,75006
BETHEL,95650
SOCIETE DE SAINT JEAN,75001
MAISON DE LA FAMILLE DU HAUT DOUBS,25370
INSTITUTION FAMILIALE SAINTE-THERESE DE L'ENFANT JESUS AIFST,14000
ECOLE NATIONALE SUPERIEURE DE CHIMIE DE PARIS (ENSCP),75005
SOCIETE DE PATHOLOGIE COMPAREE,75006
ŒUVRE LYONNAISE DES HOPITAUX CLIMATIQUES,69001
SOCIETE CHIMIQUE DE FRANCE,75009
ASSOCIATION CHARITABLE D' EDUCATION ET D'ASSISTANCE DE SAINTE-CLOTILDE,75008
SOCIETE DES INGENIEURS DE L'AUTOMOBILE,92158
LACANIENNE INTERNATIONALE,75007
SOCIETE DES AMIS DES ARCHIVES DE FRANCE (SAAF),75003
SOCIETE DES AMIS DE LA BIBLIOTHEQUE D'ART ET D'ARCHEOLOGIE DES UNIVERSITES DE PARIS,75002
SOCIETE DES AMIS DE L'ILE D'AIX,75009
SOCIETE D'EMULATION DE CAMBRAI,00059
SOCIETE GENERALE DES PRISONS ET DE LA LEGISLATION CRIMINELLE,75006
LUTTE CONTRE LA CECITE (SOS RETINITE),34000
FREELENS,75008
INFORMATION ET RECHERCHE/ MALADIES RENALES GENETIQUES AIRG,75006
SOCIETE DES AMIS DU MUSEE BASQUE,64100
COLLEGE ET DU LYCEE DE GAP,05000
SOCIETE DES AMIS DU PALAIS DES PAPES,84000
LE FLAMBEAU FRANCO-AMERICAIN,06300
ŒUVRE DE LA FOURMI,06000
SOCIETE DEFENSE DES ANIMAUX (SDA),06000
CRECHE ET ORPHELINAT DE MENTON,06500
SOU DES ECOLES LAIQUES DES ALPES MARITIMES,06000
ŒUVRE DE LA CONDAMINE,06300
LOGIS DES JEUNES DE PROVENCE,06400
LA VIEILLESSE ABANDONNEE,06300
AGIR SOIGNER EDUQUER INSERER (ASEI),31522
FOYER SAINT FRANCOIS,18000
LYCEE MASSENA,06050
ŒUVRE DE SAINT-PIERRE D'ARENE,06000
FESTIVAL DU COMMINGES,31260
SOUTIEN SOCIAL AUX HOSPITALISES,06000
"ACCOMPAGNEMENT, LIEUX D'ACCUEIL, CARREFOUR EDUCATIF  ET SOCIAL",06100
MAISON D'ENFANTS DE LA SAINTE FAMILLE,06400
"PAUL GUINOT, POUR  LES AVEUGLES ET LES MALVOYANTS",94814
S.O.S VILLAGES D'ENFANTS,75009
ACADEMIE ANQUETIN,75006
"HAUTE QUALITE ENVIRONNEMENTALE,  DITE HQE",75016
JEUNESSE ET ENTREPRISES,75116
DURUFLE MAURICE ET MARIE-MADELEINE,75116
ASSOCIATION DES DIPLOMES HEC DITE HEC ALUMNI,75008
SOCIETE DES AMIS DU MUSEE GUIMET,75016
"SOCIETE CENTRALE D'AGRICULTURE, D'HORTICULTURE ET D'ACCLIMATATION DE NICE ET DES ALPES-MARITIMES",06200
CENTRE D'ECHANGES TECHNOLOGIQUES INTERNATIONAUX,46090
"CENTRE FAMILIAL CHARLES VINCENT - ""EPE06""",06400
SOCIETE DU GONFALON - ARCHICONFRERIE DE LA SAINTE-CROIX,06300
UNION NATIONALE DES CENTRES PERMANENTS D'INITIATIVES POUR L'ENVIRONNEMENT (UNCPIE),75003
FEDERATION  NATIONALE FAMILLES RURALES,75009
BOUGAINVILLEES (MAISON EVANGELIQUE DE RETRAITE),06400
ŒUVRE DES PAUVRES MALADES SECOURUS A DOMICILE,06300
SOCIETE DE SECOURS A DOMICILE POUR LES PAUVRES ET LES MALADES DE NICE,06000
BEAUX-ARTS DE CANNES,06400
"ASAVIE ""AIDE A LA VIE""",86000
ASTREE,75013
HABITAT ET HUMANISME,69007
ŒUVRE ALEXANDRE PASCAL,06400
"CHASSEURS DES 27E, 67E,107E BATAILLONS DE CHASSEURS",74000
VERS LA VIE POUR L'EDUCATION DES JEUNES (AVVEJ),78000
LORRAINE POUR LA PROMOTION EN AGRICULTURE (ALPA),54740
SOCIETE DES AMIS DES CATHEDRALES,75014
DENIER DES ECOLES DE LA VILLE DE LYON,69002
BIENFAISANCE PARMI LES PROTESTANTS D'ANNONAY,07100
MALADIES ORPHELINES,75007
ActonAide  France - PEUPLES SOLIDAIRES,93100
TOUTE L'ENFANCE EN PLEIN AIR,92400
PRIX ALBERT LONDRES,75008
SURVIVAL INTERNATIONAL,75010
SOCIETE FRANCAISE D'ORTHOPEDIE DENTO-FACIALE,75017
SOCIETE DES AMIS D'ANDRE-MARIE AMPERE,69250
AMIS DES MUSEES DE LA VILLE DE ROUEN,76000
CENTRE D'HEBERGEMENT ET DE READAPTATION SOCIALE HERISSON-BELLOR,09270
DAMES DU CALVAIRE,75015
SOCIETE D'HISTOIRE NATURELLE D'AUVERGNE (SHNA),63000
NID FLEURI,10360
"CONFEDERATION DES MAISONS DES JEUNES, DE LA CULTURE  FRANCE - MJC",75017
PATRONAGES LAIQUES DE TROYES ET DE L'AGGLOMERATION,10010
"SOCIETE ACADEMIQUE D'AGRICULTURE, SCIENCES, ARTS ET BELLES LETTRES (DEPARTEMENT DE L'AUBE)",10000
SOCIETE FRANCAISE DE NUTRITION (SFN),75005
SOCIETE FRANCAISE D'ODONTOLOGIE PEDIATRIQUE,75020
JARDINS OUVRIERS DE LA VILLE DE TROYES,10000
SOCIETE HORTICOLE VIGNERONNE ET FORESTIERE DE L'AUBE,10000
SOCIETE DES AMIS DE VILLEFRANCHE ET DU BAS ROUERGUE,12200
SOCIETE DES LETTRES SCIENCES ET ARTS DE L'AVEYRON,12000
SOCIETE FRANCAISE DE BIOCHIMIE ET BIOLOGIE MOLECULAIRE,75006
LIGUE PROTECTRICE DES ANIMAUX DU NORD DE LA FRANCE,59006
PROTESTANTE D'ASSISTANCE DE MARSEILLE ET SA BANLIEUE,13006
ESSOR PROVENCAL,13001
LYCEE BERNARD PALISSY A AGEN,47000
ŒUVRE DES PRISONS  D'AIX,13100
SOCIETE DE SAUVEGARDE DES MONUMENTS ANCIENS DE LA DROME,26100
ŒUVRE DE LA PROTECTION DU BEBE,13100
LE SCOUTISME FRANCAIS FEDERATION  DES ASSOCIATIONS FRANCAISES DE SCOUTISME  ET DE GUIDISME,75013
ECOLE DE TRAVAIL ORT,75009
OFFICE CENTRAL DES ŒUVRES DE BIENFAISANCE ET D'AIDE SOCIALE DE MARSEILLE,00013
POLYARTHRITIQUES ET DES RHUMATISMES INFLAMMATOIRES CHRONIQUES,75001
SOCIETE NAUTIQUE DE MARSEILLE,13007
PETITS PRINCES,75006
ACCUEIL ET LE TRAVAIL DES PERSONNES HANDICAPEES (APATPH),07170
FEDERATION  FRANCAISE DE LA RANDONNEE PEDESTRE (FFRP) – COMITE NATIONAL DES SENTIERS DE GRANDE RANDONNEE (CNSGR),75013
FOUQUE,13266
COMITE DU VIEUX-MARSEILLE,13001
RADIOAMATEURS AU SERVICE DE LA SECURITE CIVILE (FNRASEC),75008
INSERTION ET LA REINSERTION PROFESSIONNELLE ET HUMAINE DES HANDICAPES (ANRH),75007
ENTRAIDE DE LA NOBLESSE FRANCAISE,75008
AMIS DE L'INSTRUCTION DES LAIQUE DES BOUCHES-DU-RHONE,13001
LES AMIS DE L'INSTRUCTION LAIQUE DE LA BLANCARDE,13004
FAMILIALE DE L'ISERE POUR PERSONNES HANDICAPEES (AFIPH),38029
ASILE MARCEL,13012
ŒUVRE DU CALVAIRE,13248
ACADEMIE DE MACON,71000
ABRI MATERNEL,13004
ŒUVRE DE NOTRE DAME DE LA PROVIDENCE,13100
"AMIS DE ""SOURCES CHRETIENNES""",69002
ETUDIANTS ANGEVINS,49000
PENITENTS BLANCS DE MONTPELLIER,34000
SOCIETE DES AMIS DE L'ECOLE DES CHARTES,75005
LA CONFERENCE MOLE-TOCQUEVILLE,75016
SPECIAL OLYMPICS FRANCE (SOF),92067
CENTRES CULTURELS DE RENCONTRE,75014
FRERES DES HOMMES,75006
LES AMIS DES ETUDIANTS FRANCAIS,75005
AMIS DU MUSEE DE BLERANCOURT,75007
OASIS,14000
L'ETAPE CENTRE D'HEBERGEMENT DES ARDENNES,08104
FEDERATION  FRANCAISE DES VEHICULES D'EPOQUE (FFVE),75008
SOCIETE FRANCAISE D'IMMUNOLOGIE,75015
PROTECTION DES NOURRISSONS DE L'ENFANCE ET DE LA FAMILLE,13006
LES FOYERS MATTER,75009
AMIS DU MUSEE DE L'ORDRE DE LA LIBERATION,75007
ECOLE NATIONALE DES PONTS ET CHAUSSEES DE FRANCE (AAENPC),75011
SOCIETE DE STATISTIQUE DE MARSEILLE,13000
COMITE D'ACTION SOCIALE ISRAELITE DE MARSEILLE,13006
JEAN NICOLE,60710
ORPHELINAT DE SENS (DIT ORPHELINAT DU MAIL),89100
SAINT LOUIS POUR LA RECHERCHE SUR LES LEUCEMIES,75008
ECOLE DE TRAVAIL ISRAELITE DU BAS-RHIN,67000
LYCEE MARCEL GAMBIER,14100
FEDERATION  NATIONALE GENERATIONS MOUVEMENT,75008
"ACADEMIE DES SCIENCES, ARTS ET BELLES LETTRES DE CAEN",14000
SOCIETE LINNEENNE DE NORMANDIE,14032
INGENIEURS ET TECHNICENS DE L'AGRICULTURE ET AGRO ALIMENTAIRE,75009
"SOCIETE NORMANDE D'ETHNOGRAPHIE ET D'ART POPULAIRE ""LE VIEUX HONFLEUR""",14603
SCLEROSES EN PLAQUES (AFSEP),31140
AVIATION SANS FRONTIERES (ASF),94398
AMIS DES MALADES,15000
"SOCIETE DES LETTRES, SCIENCES ET ARTS",15012
SOCIETE ENCOURAGEMENT A L'AGRICULTURE DU CANTAL,16006
MOUVEMENT FRANCAIS POUR LA QUALITE,92227
OFFICIERS DE CARRIERE EN RETRAITE,75007
CENTRE DE RELATIONS CULTURELLES FRANCO-INDIEN,75007
SOCIETE AMICALE DES A.E. DU COLLEGE ET DU LYCEE D'ANGOULEME,16710
ŒUVRE CHARENTAISE LAIQUE DES CENTRES DE VACANCES,16000
ENTRAIDE SCOLAIRE AMICALE,75019
ENTRAIDE PROTESTANTE DE LA ROCHELLE,17000
CHAMBRE D'APPRENTIS DES INDUSTRIES DE L'AMEUBLEMENT DE LA REG PARISIEN,75011
DELEGATION CATHOLIQUE POUR LA COOPERATION (DCC),75674
COMITE DEPARTEMENTAL CONTRE LES MALADIES RESPIRATOIRES DE LA CHARENTE-MARITIME,17000
COMPAGNIES D'EXPERTS DE JUSTICE,75017
SOCIETE DES REGATES ROCHELAISES,17000
SOCIETE DES SCIENCES NATURELLES DE LA CHARENTE-MARITIME,17000
SOCIETE DES ARCHIVES HISTORIQUES DE LA SAINTONGE ET DE L'AUNIS,17100
ŒUVRE DES NOURRISSONS DE SAINTES,17100
CRECHE SAINTE-MARIE,17300
LYCEE CARNOT DE DIJON,21000
BIENFAISANCE DE LA MADELEINE,76000
SOCIETE D'ARCHEOLOGIE ET D'HISTOIRE DU BERRY,18000
INSTITUT CATHOLIQUE DE TOULOUSE,31068
ALLIANCE D'HYGIENE SOCIALE,18000
PATRIMOINE ENVIRONNEMENT (LUR - FNASSEM),75020
LA PROVIDENCE DE BRIVE-LA-GAILLARDE,19100
"SOCIETE SCIENTIFIQUE, HISTORIQUE ET ARCHEOLOGIQUE DE LA CORREZE",19100
SOCIETE DIJONNAISE DE L'ASSISTANCE PAR LE TRAVAIL,21000
GROUPE ESCP-EUROPE,75011
COMITE DE COTE D'OR DE LA LIGUE NATIONALE CONTRE LE CANCER,21007
SOCIETE FRANCAISE ACCOMPAGNEMENT ET SOINS PALLIATIFS (SFAP),75015
"COLLEGE ET LYCEE DESIRE-NISARD, ET COLLEGE FONTAINE-DES-DUCS",21400
CERCLE LAIQUE DIJONNAIS,21000
"ACADEMIE DES SCIENCES, ARTS ET BELLES-LETTRES DE DIJON",21000
"CONFEDERATION FRANCAISE POUR L'HABITATION, L'URBANISME, L'AMENAGEMENT, LE TERRITOIRE ET L'ENVIRONNEMENT",75015
SOCIETE DES SCIENCES HISTORIQUES ET NATURELLES DE SEMUR-EN-AUXOIS,21140
SOCIETE DES AMIS DES MUSEES DE DIJON,21000
COMITE NATIONAL CONTRE  LE TABAGISME (CNCT),75002
GOUGEROT SJÖGREN ET DES SYNDROMES SECS,75018
SOCIETE POUR LA DEFENSE DES ANIMAUX DE BOURGOGNE ET DE FRANCHE-COMTE,21000
ŒUVRE ANTI-TUBERCULEUSE ET D'HYGIENE SOCIALE DES COTES-DU-NORD,22021
COLLEGE ET DU LYCEE DE SAINT-BRIEUC,22000
SOCIETE DES AMIS DU VIEUX CHAMBERY (SAVC),73000
TY AL LEVENEZ,35407
LA JEUNE CHAMBRE ECONOMIQUE FRANCAISE (JCI),75015
SOCIETE DE PROTECTION DES ANIMAUX DES DEPARTEMENTS DU NORD DE LA FRANCE,59770
"ACADEMIE INTERNATIONALE DE MUSIQUE ""MAURICE RAVEL""",64502
ENTRAIDE PROTESTANTE DU BERGERACOIS,24100
MUSEE MILITAIRE DES GLOIRES ET SOUVENIRS DU PERIGORD,24000
SOCIETE HISTORIQUE ET ARCHEOLOGIQUE DU PERIGORD,24000
SOCIETE DES AMIS DU MUSEE NATIONAL DE CERAMIQUE,92310
SOCIETE DEPARTEMENTALE D'HORTICULTURE ET D'ACLIMATATION DE LA DORDOGNE,24000
"COLLEGE HENRI IV, DU LYCEE MAINE DE BIRAN",24100
FEDERATION  NATIONALE DES COMBATTANTS VOLONTAIRES (FNCV),75010
PUPILLES DE L'ENSEIGNEMENT PUBLIC DE LA SOMME AD PEP80,80088
ŒUVRE DES PUPILLES DE L'ECOLE PUBLIQUE DES DEUX-SEVRES,78000
ETUDIANTS DE BESANCON,25000
SEMINAIRE ROBERT AUZELLE,75015
"ACADEMIE DES SCIENCES, BELLES LETTRES ET ARTS DE BESANCON ET DE FRANCHE-COMTE",25000
SOCIETE DES AMIS DU VIEUX CONFLANS,73203
SOCIETE D'EMULATION DU DOUBS,25000
SOCIETE D'HORTICULTURE DE FRANCHE COMTE ET DES AMIS DES JARDINS BOTANIQUES,25000
DIACONAT DE L'EGLISE REFORMEE DE BESANCON,25000
LYCEE PASTEUR DE BESANCON,25000
SOCIETE CHATEAUBRIAND,92290
LA GOUTTE DE LAIT VALENTINOISE,26000
COLLEGE ET DU LYCEE DE VALENCE,26000
"AMICALE DES MUTILES, ANCIENS COMBATTANTS ET VICTIMES  DES GUERRES DE MONTELIMAR ET DE LA REGION",26200
ENTRAIDE PROTESTANTE DE STRASBOURG,67000
SOCIETE FRANCAISE D'ANATOMIE NORMALE ET PATHOLOGIQUE,75006
INSTITUT DES ACTUAIRES,75008
LA VIE ACTIVE,62000
"TOURISME EQUESTRE, LA RANDONNEE ET L'EQUITATION DE LOISIRS",75009
ŒUVRE PEAGEOISE DES ENFANTS A LA MONTAGNE ET A LA MER,26300
AMIS DE L'ECOLE LAIQUE DE LA VILLE DE VALENCE,26000
SOCIETE DES AGRICULTEURS DE LA DROME,26320
SOCIETE D'ARCHEOLOGIE DE LA DROME,26007
BIENFAISANCE PARMI LES PROTESTANTS DE DIE,26150
LES BLOUSES ROSES - ANIMATION LOISIRS A L'HOPITAL,75017
FOYER DE LA JEUNE FILLE DE VALENCE,26000
MAISONS D'ACCUEIL PROTESTANTES POUR ENFANTS,26401
STADE FRANCAIS,75016
LYCEE D'EVREUX,27005
SOCIETE LIBRE D'AGRICULTURE SCIENCES ARTS BELLES LETTRES DU DEPART DE L'EURE,27025
"SOCIETE DUNOISE D'ARCHEOLOGIE, HISTOIRE, SCIENCES ET ARTS",28200
SOCIETE ARCHEOLOGIQUE D'EURE-ET-LOIR,28000
SOCIETE D'HORTICULTURE ET DE VITICULTURE D'EURE-ET-LOIR,28000
UNION DES ASSOCIATIONS FRANCAISES DE LARYNGECTOMISES ET MUTILES DE LA VOIX,75013
ALCOOL ASSISTANCE,75010
SOCIETE D'ETUDES HISTORIQUES SCIENTIFIQUES ARTISTIQUES LITTERAIRES DES HAUTES-ALPES,05000
ASILE PROTESTANT,64300
ASSOCIATION POUR LA SAUVEGARDE ET LA MISE EN VALEUR DU PARIS HISTORIQUE,75004
SCOUTS ET GUIDES DE FRANCE,75013
ORPHELINAT COSTE,30900
BIBLIOTHECAIRES DE FRANCE,75010
"PROTESTANTE D'ENTRAIDE DE LASALLE ""L'EPI""",30460
MAISON DE SANTE PROTESTANTE EVANGELIQUE DE NIMES,30906
ŒUVRE DE LA MISERICORDE D'ALES,30100
SOCIETE PROTECTRICE DES ANIMAUX DU ROANNAIS,42300
SOCIETE NATIONALE DES ANTIQUAIRES DE FRANCE,75058
RESIDENCE MONJARDIN,30000
PROTESTANTE D'ASSISTANCE (APA),30900
JUMEAUX ET PLUS,75009
"MAISON D'ACCUEIL ""PAUL RABAUT""",30900
SOCIETE SCIENTIFIQUE ET LITTERAIRE D'ALES,30100
ENTRAIDE PROTESTANTE DE LA REGION ALESIENNE,30100
PROTESTANTE D'ASSISTANCE D'UZES,30700
SOCIETE PROTESTANTE DES AMIS DES PAUVRES,30017
ACADEMIE DE NIMES,30000
FRATERNELLE DES AE DU LYCEE DE NIMES,30000
BIENFAISANCE PARMI LES PROTESTANTS D'ANDUZE ET SON CANTON,30140
ASILES EVANGELIQUES DE NIMES,30000
CATHOLIQUE D'ASSISTANCE DU GARD,30000
PROTESTANTE DE BIENFAISANCE EN PAYS VIGANAIS,30123
DEVELOPPEMENT DE L'ACTIVITE FEMININE DANS L'EGLISE EVANGELIQUE LUTHERIENNE DE FRANCE,92400
SOCIETE DE L'ECOLE SAMUEL VINCENT,30000
APPRENTISSAGE DANS L'INDUSTRIE DE LA FOURRURE,75011
ASSOCIATION POUR LA PROMOTION DES LANGUES ETRANGERES EN FRANCE,75003
LES AMIS DES MALADES DE L'HOPITAL COCHIN,75014
DEVELOPPEMENT DES ŒUVRES SOCIALES DE LA MARINE(ADOSM),75008
ŒUVRE DE SAINT JOSEPH,38780
SOCIETE D'AGRICULTURE ET ARTS DE L'ANCIEN DEPARTEMENT DE SEINE-ET-OISE,78180
CAISSE DEPARTEMENTALE DES MONUMENTS ET DES SITES DE LA NIEVRE (CAMOSINE),58000
"ACADEMIE DES SCIENCES, INSCRIPTION ET BELLES-LETTRES DE TOULOUSE",31000
SOCIETE D'AGRICULTURE DE LA HAUTE GARONNE,31000
ETUDIANTS DE TOULOUSE,31000
ACADEMIE DE LEGISLATION,31000
INSTITUT D'ETUDES OCCITANES,31000
LES TOULOUSAINS DE TOULOUSE ET AMIS DU  VIEUX TOULOUSE,31000
SOCIETE DE MEDECINE CHIRURGIE ET PHARMACIE DE TOULOUSE,31000
SOCIETE DE GEOGRAPHIE,31000
"ECOLE DES PYRENEES ""LE PRIEUR""",31420
PARACHUTISTES,94700
MALADIES CHRONIQUES NON CONTAGIEUSES,31000
ACADEMIE DES JEUX FLORAUX,31000
SOCIETE DES ARTISTES MERIDIONAUX,31650
SOCIETE ARCHEOLOGIQUE DU MIDI DE LA FRANCE,31000
PROTESTANTE D'ASSISTANCE,31000
VAINCRE LES MALADIES LYSOSOMALES (VML),91170
ECOLES DES PARENTS ET DES EDUCATEURS (FNEPE),75011
HOPITAL SUBURBAIN DU BOUSCAT,33491
MEMBRES DE L'ORDRE NATIONAL DU MERITE,75007
SOCIETE DE GEOGRAPHIE DE BORDEAUX,33405
LES AMIS DU CHŒUR GREGORIEN DE PARIS,92200
CONSEIL FRANCAIS DE L'ENERGIE,75010
PAUL METADIER,37015
SOLIDARITE DEFENSE,75015
ASSOCIATION HUMANITAIRE DE COOPERATION ET  DEVELOPPEMENT DU PERSONNEL GDF SUEZ DITE CODEGAZ,93211
SOCIETE DE PHARMACIE DE BORDEAUX,33076
SOCIETE D'HORTICULTURE DE LA GIRONDE (SHG),33110
CHIRURGICALE POUR LE DEVELOPPEMENT ET L'AMELIORATION DES TECHINIQUES DE DEPISTAGE ET DE TRAITEMENT DES MALADIES CARDIO-VASCULAIRES (ADETEC),92150
PROTECTRICE DES ANIMAUX DU PUY-DE-DOME,63000
SOCIETE D'ETUDE ET DE VULGARISATION DE LA ZOOLOGIE AGRICOLE,33405
SOCIETE LINNEENNE DE BORDEAUX,33000
SOCIETE SCIENTIFIQUE D'ARCACHON,33120
"DEVELOPPEMENT, L'INSERTION ET ACCOMPAGNEMENT DES PERSONNES HANDICAPEES (ADIAPH)",33042
SOCIETE D'ARCHEOLOGIE ET D'HISTOIRE DE LA CHARENTE-MARITIME,17100
COMITE DES CENTRES DE VACANCES DE BORDEAUX ET DU SUD-OUEST,33170
CENTRES DE CONSULTATION CONJUGALE (AFCCC),94270
SOCIETE DES AMIS DE MALMAISON,92500
SOCIETE DE SAINTE CECILE,33000
DIACONAT DE BORDEAUX,33000
ARTISTES LYRIQUES DE THEATRE ANCIENS COMBATTANTS,75014
SOCIETE ARCHEOLOGIQUE DE BORDEAUX,33000
AMICALE LAIQUE DE LA GLACIERE (ALQ),33700
ANEF,75004
"ACADEMIE NATIONALE DES SCIENCES, BELLES LETTRES ET ARTS DE BORDEAUX",33000
FEDERATION FRANCAISE DES DIABETIQUES OU AFD,75011
ŒUVRE DU DENIER DES ECOLES LAIQUES DE DUNKERQUE ET MALO,59140
SOCIETE AMICALE DE LA MARNE,75007
SOCIETE PHILOMATHIQUE DE BORDEAUX,33000
SOCIETE DE BIENFAISANCE ISRAELITE DE BORDEAUX,33000
LUTTE CONTRE LE CANCER DE BORDEAUX ET DU SUD-OUEST,33076
MYCOLOGIQUE ET BOTANIQUE DAUPHINE-SAVOIE,74320
SOCIETE D'AIDE ET DE PERFECTIONNEMENT DES U.E.R. DE MEDECINE ET DE PHAMACIE DE NANTES,44035
ACADEMIE NATIONALE DE METZ,57000
HANDI'CHIENS,75013
ŒUVRES GIRONDINES DE PROTECTION DE  L'ENFANCE (AOGPE),33305
UNIVERSITE DE MONTPELLIER-FACULTE DE DROIT ET  SCIENCES ECONO,34000
SOCIETE D'HORTICULTURE ET D'HISTOIRE NATURELLE DE L'HERAULT (SHHNH),34000
SOCIETE LANGUEDOCIENNE DE GEOGRAPHIE,34032
ACADEMIE DES SCIENCES ET LETTRES DE MONTPELLIER,34000
ŒUVRE DU PRET GRATUIT DE MONTPELLIER,34000
CENTRE INTERNATIONAL NADIA ET LILI BOULANGER,75013
SOCIETE ARCHEOLOGIQUE DE MONTPELLIER,34000
"SOCIETE ARCHEOLOGIQUE, SCIENTIFIQUE ET LITTERAIRE DE BEZIERS",34500
HECTOR BERLIOZ,38260
CENTRE DE RECHERCHE ET D'INFORMATION SUR LA LITTERATURE POUR LA JEUNESSE (CRILJ),75014
SOCIETE DES SCIENCES NATURELLES ET D'ARCHEOLOGIE DE TOULON ET DU VAR,83000
LA JEUNE FRANCE,49300
MAISON DE RETRAITE PROTESTANTE,34090
FOYER DE LA JEUNE FILLE,34000
BUREAU DE NORMALISATION DE L'AERONAUTIQUE ET DE L'ESPACE (BNAE),92138
LYCEE DE RENNES,35000
ICOMOS FRANCE,75016
OFFICE D'ILE ET VILAINE ASSISTANCE ET PRESERVATION ANTI-TUBERCULEUSE,35000
REY-LEROUX,35340
CERCLE PAUL BERT,35704
ORPHELINAT DE CANCALE,35260
ECOLE NATIONALE SUPERIEURE AGRONOMIQUE DE GRAND-JOUAN,35042
MAISON DE REFUGE,35000
ACCUEIL ET SAUVEGARDE DE L'ENFANCE DE L'ADOLESCENCE ET DES ADULTES (ADIASEAA),36130
AMITIES CATHOLIQUES FRANCAISES DANS LE MONDE (A.C.F.M.),75007
ŒUVRE DES SAINTS ANGES,75006
ETUDIANTS DE LIMOGES,87700
LES AMIS DU VIEUX CHINON,37500
SOCIETE ARCHEOLOGIQUE DE TOURAINE,37011
ŒUVRE DE LA GOUTTE DE LAIT DE FECAMP,76135
RAYONNEMENT DE L'OPERA NATIONAL DE PARIS (AROP),75009
PARENTS ADOPTIFS D'ENFANTS COLOMBIENS,75005
LE REFUGE DES CHEMINOTS,75014
SAUVETAGE DE L'ENFANCE,75013
ŒUVRE DU BON PASTEUR DE VIENNE,38200
ACADEMIE DELPHINALE,38000
SOCIETE DE PATRONAGE DES PERSONNES AGEES,38000
ECOLE LAIQUE DE LA VILLE DE GRENOBLE,38031
LYCEE CHAMPOLLION,38000
ECOLE ET DES LYCEES VAUCANSON,38100
LA HOUILLE BLANCHE DE GRENOBLE (INPG),38000
A DOMICILE 45,45000
ASSOCIATIONS POUR LA CULTURE ET LE PATRIMOINE DES PAYS DE L'AIN,01000
PIONNIERS ET COMBATTANTS VOLONTAIRES DU VERCORS,38000
ŒUVRE DE LA PROVIDENCE DE L'ISERE,38700
SOCIETE DES AMIS DES ARTS DE GRENOBLE (SADAG),38000
ISSOIRIENNE DES ANCIENS ET ANCIENNES ELEVES DE L'ECOLE PUBLIQUE,63500
SOCIETE DES TOURISTES DU DAUPHINE (STD),38000
COLLEGE DE BOURGOIN,38300
SOCIETE DES AMIS DE PASTEUR,39100
SOCIETE HIPPIQUE DE DOLE,30106
COLLEGE DE L'ARC,39100
SOCIETE D'EMULATION DU JURA,39008
ZADOC-KAHN,75009
SOCIETE DES AMIS DU MUSEE DE L'ARMEE,75007
SOCIETE ARCHEOLOGIQUE SCIENTIFIQUE ET LITTERAIRE DU VENDOMOIS,41101
COMITE CENTRAL AGRICOLE DE LA SOLOGNE,41600
COMITE DU DISPENSAIRE D'HYGIENE SCIALE ET DE PRESERVATION ANTIBERCULEUX,41100
OFFICE DE LUTTE ANTI-TUBERCULEUSE DE LOIR-ET-CHER,41000
SOCIETE ASIATIQUE,75180
MAISON COTTOLENGO,42100
SOCIETE DES AMIS DES ARTS DE CHARLIEU,42190
AMYS DU VIEUX DIEPPE,76560
ASSOCIATIONS DE PARENTS D'ELEVES DES INSTITUTIONS DE DEFICIENTS AUDITIFS,75008
ŒUVRE DES ENFANTS A LA MONTAGNE,42000
BIENFAISANCE DES PROTESTANTS DE SAINT-ETIENNE,42100
ŒUVRE PHILANTHROPIQUE D'HOSPITALITE ET DE L'ASILE DE NUIT,42100
LA BIENVENUE,75018
LYCEE CLAUDE FAURIEL,42100
ECOLE NATIONALE SUPERIEURE DES MINES DE ST-ETIENNE,42023
ŒUVRE D'HOSPITALISATION DES PETITS ORPHELINS DE LA GUERRE ET DES ENFANTS EN BAS AGE,42000
"SOCIETE D'AGRICULTURE, INDUSTRIE, SCIENCES, ARTS ET BELLES LETTRES DE LA LOIRE",42270
"SOCIETE ACADEMIQUE D'AGRICULTURE, LETTRES, SCIENCES ET ARTS DU PUY ET DE LA HAUTE-LOIRE",43000
FEDERATION  DES PLATEFORMES INITIATIVE FRANCE DITE INITIATIVE FRANCE,75004
SOCIETE DE PATRONAGE DES ECOLES COMMUNALES DE LA VILLE DU PUY,43000
LYCEE CHARLES ET ADRIEN DUPUY,43010
FOYER DE L'EDIT DE NANTES HABITAT JEUNES,44100
APSYADES,44340
DIACONAT PROTESTANT DE NANTES,44000
MOUNTAIN WILDERNESS,38000
CENTRE D'ACTION SOCIALE PROTESTANT DANS LA REGION PARISIENNE,75007
SOCIETE ARCHEOLOGIQUE ET HISTORIQUE DE NANTES ET DE LOIRE-ATLANTIQUE,44000
FEDERATION  DES AMICALES LAIQUES DE LA LOIRE-ATLANTIQUE (ligue de l'enseignement),44041
CENTRES D'ENTRAINEMENT AUX METHODES D'EDUCATION ACTIVE (CEMEA),75883
AMICALE DES A.E. DES LYCEES CLEMENCEAU ET JULES VERNE DE NANTES,44000
MAISON DE RETRAITE SAINT-JOSEPH,44042
SOCIETE ACADEMIQUE DE NANTES ET DE LOIRE ATLANTIQUE,44000
SOCIETE INDUSTRIELLE DE NANTES,44100
SCHOLA SAINT GREGOIRE,72000
ACADEMIE DE STANISLAS,54000
SOCIETE DES CRECHES DE NANCY,54000
SOCIETE INDUSTRIELLE DE L'EST,54524
MAISON DE RETRAITE PROTESTANTE DE NANTES,44200
ENTRAIDE GARDOISE,30000
CONNAISSANCE ET RENAISSANCE DE LA BASILIQUE DE SAINT-NICOLAS  DE PORT,54210
ENFANTS ET SANTE,25660
AUXILIAIRES DES AVEUGLES,75015
AIDE A DOMICILE PERSONNES AGEES DE L'AGG ORLEANAISE,45002
SAINT-CYRIENS DANS LA VIE CIVILE (ASCVIC),75012
FEDERATION DES DELEGUES DEPARTEMENTAUX DE L'EDUCATION NATIONALE,75013
SOCIETE PROTECTRICE DES ANIMAUX DE PERIGUEUX ET DU DEPARTEMENT DE LA DORDOGNE,24430
COMMUNAUTES D'ACCUEIL DANS LES SITES ARTISTIQUES (C.AS.A),75011
"ACADEMIE D ORLEANS - AGRICULTURE, SCIENCES, BELLES-LETTRES ET ARTS",45000
SOCIETE ARCHEOLOGIQUE ET HISTORIQUE DE L'ORLEANAIS,45052
CHAMPIONNET,75020
SOCIETE D'HISTOIRE DE LA LORRAINE ET DU MUSEE LORRAIN,54000
"SOCIETE DES ETUDES LITTERAIRES, SCIENTIFIQUES ET ARTISTIQUES DU LOT",46000
SOCIETE HUMAINE ET DES NAUFRAGES,62200
ŒUVRE APOSTOLIQUE POUR LES MISSIONS DE FONDATION FRANCAISE A L'ETRANGER,75005
ACADEMIE DES SCIENCES LETTRES ET ARTS D'AGEN,47007
ŒUVRE DE LA LAYETTE,47000
"ECLAIREUSES, ECLAIREURS ISRAELITES DE FRANCE (EEIF)",75007
FEDERATION  NATIONALE DES AMICALES DE CHASSEURS A PIED ALPINS ET MECANISES,94302
PROTESTANTE D'ENTRAIDE DE L'EGLISE REFORMEE DE REIMS,51100
SOCIETE MUTUELLE DE PREVOYANCE POUR LA RETRAITE,51100
FEDERATION  FRANCAISE POUR LE DON DE SANG BENEVOLE (FFDSB),75011
DOCTEURS INGENIEURS DE FRANCE,75014
ORCHESTRE DES CONCERTS LAMOUREUX,75017
CRECHES DE LA VILLE D'ANGERS,49000
"DOULEURS SANS FRONTIERES, dite DSF",75011
INSTITUT DE RECHERCHE ET DE COORDINATION ACOUSTIQUE/MUSIQUE,75014
ECOLE COMMUNALE (A.A.E.E.C.),49130
ACADEMIE DES SCIENCES BELLES LETTRES ET ARTS D'ANGERS,49100
ECOLE NATIONALE D'ADMINISTRATION (AAENA),75004
ŒUVRE DE LUTTE CONTRE LA TUBERCULOSE ET DE PROTECTION DE L'ENFANCE,95880
SAINT YVES,49008
STRUCTURE PETITE ENFANCE,51100
LES AMIS DE NOS EGLISES,51000
FEDERATION  NATIONALE DES ANCIENS COMBATTANTS RESIDANT HORS DE FRANCE,75005
VACANCES HANDICAP ATOUT SPORTIF INTERNATIONAL (VHASI),69100
FEDERATION  INTERNATIONALE DES ASSOCIATIONS DE PERSONNES AGEES (FIAPA),75013
LA MAISON DE L'ENFANCE DU FOYER REMOIS,51100
SOCIETE DES AMIS DU VIEUX REIMS,51100
ACADEMIE NATIONALE DE REIMS,51100
SOCIETE D'HORTICULTURE ET DE VITICULTURE D'EPERNAY,51200
"SOCIETE D'AGRICULTURE, COMMERCES, SCIENCES ET ARTS DE LA MARNE",51009
SOCIETE HISTORIQUE ET ARCHEOLOGIQUE DE LANGRES,52204
SOCIETE DE MATHEMATIQUES APPLIQUEES ET INDUSTRIELLES (SMAI),75005
COMITES DES DISPENSAIRES DE LA HAUTE-MARNE,52000
LYCEE DE LAVAL,53000
"SOCIETE NATIONALE D'AGRICULTURE, SCIENCES ET ARTS",59500
ANIMATION DES FONDATIONS DOCTEUR GIBERT,76600
SOCIETE HAVRAISE D'ETUDES DIVERSES,76600
SOCIETE D'ETUDES SCIENTIQUES ET ARCHEOLOGIQUES DE DRAGUIGNAN ET DU VAR,83000
SOCIETE DES AMERICANISTES,75012
EAUX ET FORETS (AFEF),54000
OFFICE D'HYGIENE SOCIALE DE LORRAINE (OHS),54500
ETUDIANTS DE NANCY,54000
"LYCEES DE NANCY, METZ, STRASBOURG ET COLMAR",54000
ŒUVRE AVIGNONNAISE DES ENFANTS A LA MONTAGNE,84000
REFUGE ANIMALIER DE BRAX,47310
SOCIETE DE L'HISTOIRE DE L'ART FRANCAIS,75011
SOCIETE PHILOMATHIQUE DE VERDUN,55100
CENTRE DE FORMATION PROFESSIONNELLE DE LA BAUGERIE,44232
COMITE FRANCAIS POUR LA SOLIDARITE INTERNATIONALE (CFSI) LA CAMPAGNE MONDIALE CONTRE LA FAIM,75009
JEUNES  ECONOMES DE MARIE,55000
"SOCIETE D'HORTICULTURE D'ARBORICULTURE,  ET DE SYLVICULTURE DE LA MEUSE",55000
FRANCE NATURE ENVIRONNEMENT AUVERGNE-RHONE-ALPES,69100
LYCEE DE PONTIVY,56300
SECOURS AUX VICTIMES DES MALADIES TROPICALES (A.S.V.M.T.),30130
LIGUE CONTRE LE CANCER,75013
ORT FRANCE,75311
ASSOCIATION CAP’ DEVANT !,75006
CHAMBRE DE COMMERCE INTERNATIONALE - ICC FRANCE,75003
DOCTEURS EN DROIT,75002
SOCIETE POUR L'ASSISTANCE PATERNELLE AUX ENFANTS EMPLOYES DANS LES INDUSTRIES DES FLEURS ET DES PLUMES,75017
COMITE DE PATRONAGE DU LABORATOIRE D'AGRONOMIE TROPICALE,75008
SOCIETE DES AMIS DE L'INSTITUT SUPERIEUR DE L'AERONAUTIQUE ET DE L'ESPACE ET DE L'E.N.S. DE TECHNIQUES AVANCEES,75016
SOCIETE ACADEMIQUE DES HAUTES PYRENEES,65000
CENTRES SOCIAUX ET SOCIO-CULTURELS  DE FRANCE ou FCSF,75782
ECOLE LAIQUE DE PONTIVY,56300
CONFEDERATION  GENERALE DES COMITES D'INTERET DE QUARTIERDE LA VILLE DE MARSEILLE ET DES COMMUNES ENVIRONNANTES (CIQ),13001
COMITE DEPARTEMENTAL CONTRE LES MALADIES RESPIRATOIRES ET LA TUBERCULOSE DE LA NIEVRE,58000
ŒUVRE HOSPITALIERE DE CORBIGNY,58800
SOCIETE SCIENTIFIQUE ET ARTISTIQUE DE CLAMECY,58502
"SOCIETE NIVERNAISE DES LETTRES, SCIENCES ET ARTS",58000
SOCIETE ACADEMIQUE DU NIVERNAIS,58000
SOCIETE ARCHEOLOGIQUE ET HISTORIQUE DE L'ARRONDISEMENT D'AVESNES,59362
SOCIETE DES AGRICULTEURS DU NORD,59800
SOCIETE DES SCIENCES ET DE L'AGRICULTURE ET DES ARTS DE LILLE,59800
"CRECHE, JARDIN D'ENFANTS, HALTE GARDERIE ST BERNARD",69004
SOCIETE INDUSTRIELLE DE LA REGION DE FOURMIES,59600
TRAITS D'UNION,59132
INGENIEURS  DE L'ECOLE CENTRALE DE LILLE-IDN,59010
SANTELYS ASSOCIATION,59120
"DISTRIBUTION DES SECOURS AUX INDIGENTS, MALADES OU BLESSES",59140
DENIER DES ECOLES LAIQUE D'ARMENTIERES,59280
DENIER DES ECOLES LAIQUES DE LILLE,59000
DISPENSAIRE D'HYGIENE SOCIALE DE DOUAI,59500
L'ENVOL POUR LES ENFANTS EUROPEENS,75008
PREVENTION DES ACCIDENTS ET DE L'INCENDIE (AINF),59113
"MUTILES, REFORMES ET ANCIENS COMBATTANTS DU DEPART DE L'OISE",60000
ŒUVRE HOSPITALIERE ET MEDICO-SOCIALE DU GRAND CREILLOIS,60107
SOCIETE D'HISTOIRE ET ARCHEOLOGIE DE SENLIS,60300
"SOCIETE ACADEMIQUE D'ARCHEOLOGIE, SCIENCES ET ARTS DU DEPARTEMENT DE L'OISE",60000
SOCIETE D'HORTICULTURE DE BOTANIQUE ET D'APICULTURE DE BEAUVAIS,60000
ENFANTS TRAITES A L'INSTITUT GUSTAVE ROUSSY,94805
SOCIETE D'HORTICULTURE DE COMPIEGNE,60200
SOCIETE DES JARDINS FAMILIAUX DE L'OISE,60000
ANCIENNES ET ANCIENS ELEVES DU LYCEE DE BEAUVAIS,60000
SOCIETE HISTORIQUE DE COMPIEGNE,60200
OFFICE PRIVE D'HYGIENE SOCIALE (OPHS),60000
JOIE ET SANTE - ALCOOL ECOUTE FNJS,75015
TIR NATIONAL DE VERSAILLES,78150
DU LYCEE A. RIBOT,62500
SOCIETE DES ANTIQUAIRES DE LA MORINIE,62500
FONCTIONNAIRES DU COLLEGE DE BETHUNE,62400
"ACADEMIE DES SCIENCES, LETTRES ET ARTS D'ARRAS",62000
PATRONAGE LAIQUE DE LA VILLE DE CLERMONT-FERRAND (CLEPAC),63000
CENTRE POMPIDOU,75008
LYCEE BLAISE PASCAL,63037
COLONIES DE VACANCES DE CLERMONT-FERRAND,63000
ASSOCIATION DES PERSONNELS SPORTIFS DES ADMINISTRATIONS  PARISIENNES ET DE LA VILLE DE PARIS APSAPVP,75018
LES AMIS ŒUVRES SCOLAIRES LAIQUES DE THIERS,63302
FRATERNITE NOTRE-DAME DE BANNEUX,75009
COMITE DE PAU ET DES PYRENEES ATLANTIQUES CONTRE LES MALADIES RESPIRATOIRES ET LA TUBERCULOSE,64000
COMITE D'HYGIENE SOCIALE DE BIARRITZ,64240
PATRONAGE LAIQUE DES PETITS BAYONNAIS,64100
SOCIETE DES AMIS DU MUSEE D’ORSAY ET DE L’ORANGERIE,75007
SOCIETE DE BIENFAISANCE ET DE LA MAISON D'ASILE ISRAELITE DE BAYONNE,64100
S.O.S. ENFANTS,75116
L'ART POUR TOUS,75014
SOCIETE DES SCIENCES LETTRE ET ARTS DE BAYONNE,64100
ŒUVRE DE LA MAISON DE BIENFAISANCE,64200
SOCIETE DES SCIENCES LETTRES ET ARTS DE PAU,64000
SOCIETE PROTECTRICE DE L'ENFANCE ET LIGUE CONTRE LA MORTALITE INFANTILE DES HAUTES PYRENNES,65200
ŒUVRE DES ENFANTS A LA MONTAGNE,65013
CARREFOURS POUR L'EMPLOI,75011
ARTISTES MUSICIENS - FONDATION TAYLOR,75013
CENTRE NATIONAL DE PREVENTION ET DE PROTECTION,27950
LES ECRIVAINS COMBATTANTS (AEC),75008
LES ARTS DECORATIFS,75004
ACADEMIE NATIONALE DE CHIRURGIE DENTAIRE (ANCD),75009
"ACADEMIE DES SCIENCES, BELLES-LETTRES ET ARTS DE LYON",69005
SOCIETE DE LEGISLATION COMPAREE,75007
ALLIANCE MALADIES RARES,75014
FOYER CLAIREFONTAINE DES SOURDS ADULTES,69009
LE DENIER DES VIEILLARDS ET DE VEUVES DE LA VILLE DE LYON,69000
ŒUVRES DE SAINT-JEAN,75009
SOCIETE NATIONALE DE MEDECINE ET DES SCIENCES MEDICALES DE LYON,69373
LYONNAISE POUR L'AIDE AUX MERES DE FAMILLE,69001
SOCIETE LINNEENNE DE LYON,69006
LES MUTILES ET ANCIENS COMBATTANTS DU GARD,30900
"COMITE D'ETUDES, D'EDUCATION ET DE SOINS AUPRES DES PERSONNES POLYHANDICAPEES (CESAP)",75013
TRADITIONS POUR DEMAIN,75007
SOCIETE DES BIBLIOPHILES DE GUYENNE,33075
SOCIETE LYONNAISE D'HORTICULTURE,69006
SOCIETE DE PATRONAGE POUR LES ENFANTS DE LA VILLE DE LYON,69009
"MUSEE NATIONAL ""MESSAGE BIBLIQUE MARC CHAGALL""",06000
LYCEE EDOUARD HERRIOT,69006
SOCIETE DES ANCIENS ELEVES DE LA MARTINIERE,69001
SOCIETE D'ASSISTANCE ET DE PATRONAGE POUR LES AVEUGLES DU RHONE ET DEPARTEMENTS VOISINS (ECOLE GALLIENI),69100
VACANCES OUVERTES,93508
CENTRALIENS DE LYON,69130
CENTRE DE READAPTATION PSYCHOTHERAPIQUE (CEREP),75700
CENTRE D'INFORMATION ET DE DOCUMENTATION SUR LE BRUIT (CIDB),75013
COMITE D'ACTION SOCIALE ISRAELITE DE LYON,69003
EQUIPES SAINT-VINCENT,75006
FONDA,75009
PATRONAGE LAIQUE PAUL BERT,89100
ETUDIANTS DE MEDECINE DE PARIS,75008
LYCEE CARNOT,75017
SOCIETE HAVRAISE DE PROTECTION DES ANIMAUX,76620
COLLEGE ET DU LYCEE GEROME,70014
AERONAUTIQUE ET ASTRONAUTIQUE DE FRANCE (3AF),75012
SOCIETE HISTORIQUE ET REGIONALISTE DU BAS-LIMOUSIN,19000
ECOLE D'ALFORT,94700
SOCIETE D'HISTOIRE NATURELLE ET DES AMIS DU MUSEUM D'AUTUN,71400
ETUDE DU FOIE,75017
AMICALE SANTE NAVALE ET D'OUTRE-MER (ASNOM),75017
COMITE CATHOLIQUE CONTRE LA FAIM ET POUR LE DEVELOPPEMENT (CCFD-TERRE SOLIDAIRE),75001
INSERTION DES PERSONNES SOURDES ET DES PERSONNES AVEUGLES EN FRANCE (FISAF),75010
SOCIETE D'HORTICULTURE DE LA SARTHE,72000
SOCIETE ASTRONOMIQUE DE FRANCE,75002
ŒUVRE LAIQUE DES PETITS CHAMBERIENS,73018
SOCIETE D'HISTOIRE ET D'ARCHEOLOGIE DE MAURIENNE (SHAM),73300
ACADEMIE DE LA VAL D'ISERE,73600
SOCIETE SAVOISIENNE DES BEAUX ARTS,73000
SOCIETE SAVOISIENNE D'HISTOIRE ET ARCHEOLOGIE,73000
INITIATIVES ET CHANGEMENT,75017
ACADEMIE FLORIMONTANE,74000
LYCEES D'ETAT DE L'AGGLOMERATION LYONNAISE,69002
ACADEMIE CHABLAISIENNE,75203
LYCEE FRANCOIS 1ER DU HAVRE,76600
LYCEE JEANNE-D'ARC,76068
LYCEE CORNEILLE DE ROUEN,76000
SOCIETE NORMANDE DE PROTECTION AUX ANIMAUX (SNPA),76000
ŒUVRE DE L'ADOPTION EN FAVEUR DES ORPHELINS,75017
AEROCLUB ROUEN NORMANDIE,76000
SOCIETE INDUSTRIELLE DE ROUEN,76520
LOUIS DELAMARE POUR LE BIEN DES AVEUGLES,76000
SOCIETE CENTRALE D'AGRICULTURE DE SEINE MARITIME,76600
FEDERATION  DES PARENTS D'ELEVES DE L'ENSEIGNEMENT PUBLIC (PEEP),75007
SOCIETE INDUSTRIELLE D'ELBEUF,76232
"FEDERATION  EUROPEENNE DES ASSOCIATIONS LUTTANT CONTRE L' ISOLEMENT ET POUR LA PREVENTION DU SUICIDE (FEALIPS)",75005
RELAIS DU CŒUR (RESTAURANTS DU CŒUR),75008
ENTRAIDE DE L'EGLISE REFORMEE DE LUNERAY,76500
FOYER FEMININ L'ABRI,76810
SOCIETE D'HISTOIRE ET D'ARCHEOLOGIE DE L'ARRONDISSEMENT DE PROVINS,77830
ASILE SAINTE-MARIE  DE LUZARCHES,95270
SOCIETE HISTORIQUE ET ARCHEO DE PONTOISE DU VAL D'OISE ET DU VEXIN,95300
"ECOLES NORMALES SUPERIEURES DE LYON, FONTENAY-AUX-ROSES ET SAINT-CLOUD (AENS)",69000
"ACADEMIE DES SCIENCES MORALES, DES LETTRES ET DES ARTS DE VERSAILLES ET D'ILE DE FRANCE",78000
SOCIETE POPULAIRE D'ENCOURAGEMENT A L'ENSEIGNEMENT PRIMAIRE MORAL ET CIVIQUE DU CANTON DE MONTFORT LAMAURY,78000
AMICAL DES RETRAITES DE L'ENSEIGNEMENT PUBLIC DU DEPARTEMENT DE SEINE-ET-OISE,78507
ŒUVRES DES ECOLES DE BELLEVUE,92190
LYCEE LA BRUYERE,78220
ENTRAIDE SOCIALE BATELIERE,78000
FOYER  DE LA JEUNESSE CHARLES FREY ET HOSPICE DES ORPHELINS DE STRASBOURG,67100
INGENIEURS DE L'HORTICULTURE ET DU PAYSAGE (A.I.H.P.),49000
LYCEE DE DOUAI,59500
AMIS DE TATIHOU,50000
SYNDROME DE RETT (AFSR),60600
"SOCIETE D'HORTICULTURE, D'ARBORICULTURE ET DE VITICULTURE DES DEUX-SEVRES",79022
COLLEGE ET DU LYCEE FONTANES DE NIORT,79000
FEDERATION  NATIONALE DES ASSOCIATIONS D'ELEVES EN GRANDES ECOLES,75016
LES ENFANTS DU SOLEIL,75001
SOCIETE DES AMIS DES ARTS DU DEPARTEMENT DE LA SOMME,80088
SOCIETE DES ANTIQUAIRES DE PICARDIE,80000
SOCIETE DES CRECHES D'AMIENS,80000
UNION RENAISSANCE ET CULTURE,91300
LYCEE DE JEUNES FILLE D'AMIENS,80027
GESTION DES CENTRES DE VIE ET DE SOINS DE CAYEUX-SUR-MER,80000
SOCIETE MEDICALE D'AMIENS ET DE PICARDIE,80410
VALLOIRES,80000
SOCIETE D'EMULATION HISTORIQUE ET LITTERAIRE D'ABBEVILLE,80120
ALBIGEOISE D'ASSISTANCE,81000
BIENFAISANCE PARMI LES PROTESTANTS REFORMES DE MONTAUBAN,82000
ASTRONOMIE (AFA),75013
ACADEMIE DU VAUCLUSE,84000
ENTRAIDE PROTESTANTE DE TOULON,83300
ACADEMIE DU VAR,83000
SOCIETE DES AMIS DU VIEUX TOULON ET DE SA REGION,83000
COMITE CONTRE LES MALADIES RESPIRATOIRES ET LA TUBERCULOSE DU DEPT. DE VAUCLUSE,84000
SOCIETE DU SOU DES ECOLES D'AVIGNON,84000
SAINT-LOUIS DE GURON,86270
LYCEE DE POITIERS,86700
SOCIETE D'ASSISTANCE AUX MALADES ET CONVALESCENTS,45430
AVANCEMENT DES SCIENCES,75341
AUXILIA - FORMATION ET AMITIE : UNE NOUVELLE CHANCE,92100
AMATEURS D'HORLOGERIE ANCIENNE,25012
SOCIETE ARCHEOLOGIQUE ET HISTORIQUE DU LIMOUSIN,87000
SOCIETE D'EMULATION DES VOSGES,88600
MEDICO-SOCIALE DES VOSGES,88000
SOS AMITIE FRANCE,75005
SOCIETE DE COMPTABILITE DE FRANCE,75001
ACADEMIE SALESIENNE,74000
CONNAISSANCE DE NOTRE EUROPE,08000
SOCIETE NATIONALE DES BEAUX-ARTS,75006
COLLEGE STANISLAS,75230
FEDERATION  NATIONALE DES ACCIDENTES DU TRAVAIL ET DES HANDICAPES (FNATH),42030
ARŒVEN-FŒVEN,75015
DEVELOPPEMENT DE LA TRANSFUSION SANGUINE EN SAVOIE,73011
SOCIETE DES SCIENCES HISTORIQUES ET NATURELLES DE L'YONNE,89015
SOCIETE EN FRANCE DES FILS DE LA REVOLUTION AMERICAINE,75007
ASSOCIATION HAUT-SAONOISE POUR LA SAUVEGARDE DE L'ENFANT A L'ADULTE (AHSSEA),70000
SOCIETE DE DEFENSE DES ANIMAUX DE LA COTE FLEURIE (S.D.A.C),14360
ENFANCE ET PARTAGE,75011
PATRONNAGE LAIQUE PAUL-BERT,89000
FEMMES DE MILITAIRES (ANFEM),75006
FEMMES DIPLOMEES DES UNIVERSITES (AFFDU),75007
ACTION DES CHRETIENS POUR L'ABOLITION DE LA TORTURE (ACAT),75181
PREVENTION DE LA POLLUTION ATMOPSHERIQUE (APPA),75006
COMITE NATIONAL DU SOUVENIR DE VERDUN,75008
ECOLE SPECIALE DE MECANIQUE ET D'ELECTRICITE (AIESME),75013
UNION NATIONALE DES OFFICIERS DE RESERVE,75012
UNION CATHOLIQUE DU THEATRE ET DE LA MUSIQUE (UCTM),75008
MAISON D'ACCUEIL ET DE RETRAITE DU CANTON DE PRECY-SOUS-THIL,21390
ŒUVRE DE REFUGE ISRAELITE (LES CIGOGNES),67501
SECOURS CATHOLIQUE,75005
SAUVEGARDE DE L'ENFANCE ET DE L'ADOLESCENCE EN SEINE ET MARNE (ADSEA77),77160
SOCIETE DE MEDECINE DE PARIS,75005
UNION NATIONALE DES OFFICIERS DE RESERVE ET DES ORGANISATIONS DE RESERVISTES,75116
VISITEURS DE PRISON,75231
JEAN COTXET,75007
SOCIETE FRANCAISE DE LA CROIX- BLEUE ou « LA CROIX-BLEUE »,75015
LYCEE MOLIERE,75006
SOCIETE DE PATHOLOGIE EXOTIQUE,75005
COLLEGE DE MEDECINE DES HOPITAUX DE PARIS,75004
SOCIETE FRANCAISE DE BIENFAISANCE D'ANVERS,75013
SOCIETE DE L'HISTOIRE ET DU PATRIMOINE DE L'ORDRE DE MALTE,75005
CENTRALE D'ENTRAIDE VETERINAIRE,75116
CONFEDERATION NATIONALE DES SPA DE FRANCE,69002
ENTRAIDE,13254
LIGUE FRANCAISE CONTRE LE BRUIT,75007
SAUVEGARDE DE L'ADOLESCENCE A PARIS,75002
PRYTANEE NATIONAL MILITAIRE,75005
ŒUVRE DU PERPETUEL SECOURS,92309
BIENVENUE,75007
PREVOYANCE DU NOTARIAT EN FRANCE,75007
MAISON DU MARIN DE DUNKERQUE,59140
COMITE NATIONAL POUR LA SECURITE DES USAGERS DE L'ELECTRICITE (CONSUEL),75007
ENTR'AIDE SAINTE MADELEINE,75012
FRANCE TRANSPLANT,69437
SOCIETE DE BIOLOGIE,75006
UNION DEPARTEMENTALE DES CENTRES DE VACANCES DE LOISIRS ET GRAND AIR,80100
INSTITUT STENOGRAPHIQUE DE FRANCE,59001
LYCEE FAIDHERBE DE LILLE,59133
MOUVEMENT VIE LIBRE,51430
BIBLIOTHEQUE NATIONALE DE FRANCE ET GRANDES BIBLIOTHEQUES FRANCAISE,75724
FEDERATION  DES ASSOCIATION INTER-ETUDIANTS EN SCIENCES ECONOMIQUES ET COMMERCIALES (AIESEC),75007
SOCIETE CENTRALE CANINE POUR L'AMELIORATION DES RACES DE CHIENS EN FRANCE,93370
PARTAGE,60203
MAISON DES INCURABLES - ŒUVRE DU CALVAIRE,42000
COMITE DE DEFENSE ET DE CONSERVATION DU VIEUX PEROUGES,01800
CROIX DE GUERRE ET VALEUR MILITAIRE,75007
POUR LA PREVENTION ET L'ETUDE DE LA CONTAMINATION - ASPEC,75001
VIEILLES MAISONS FRANCAISES,75017
FLORENCE BLUMENTHAL,75005
"LYNE GUEROULT ŒUVRE SAUVETAGE ET MAISON DE RETRAITE DES CHEVAUX REFORMES DE LA GARDE REPUBLICAINE",14340
INSTITUT ALFRED FOURNIER,75007
COLONIE DE VACANCES DE LA BOURSE DE PARIS,75002
ŒUVRE DE L'HOSPITALITE DU TRAVAIL,75010
SOCIETE DES CHIRURGIENS DE PARIS,75015
"SANTE MENTALE FRANCE ACCOMPAGNER, SOIGNER, ENTREPRENDRE",75008
SOCIETE D'ETHNOGRAPHIE DE PARIS,75006
UNION DES ASSOCIATIONS D'ANCIENS ET ANCIENNES ELEVES DES LYCEES  ET COLLEGES FRANCAIS (DITE UNION DES A),75005
LYCEE CHARLEMAGNE,75004
SOCIETE ORNITHOLOGIQUE DE FRANCE ET DE L'UNION FRANCAISE,75008
DAMES DU CALVAIRE DE BORDEAUX,33200
ALLIANCE NATIONALE POPULATION ET AVENIR,75017
ACADEMIE DE VILLEFRANCHE EN BEAUJOLAIS,69400
PREVENTION ET ETUDES DES MALADIES MOLECULAIRES,75012
INSTITUT NATIONAL DES METIERS D'ART (INMA),75009
COLLEGIAL EUROPEEN,78702
SCOUTS UNITAIRES DE FRANCE (SUF),92170
PARIS UNIVERSITE CLUB - CITE INTERNATIONALE UNIVERSITAIRE DE PARIS,75003
SOCIETE FRANCAISE D'OPHTALMOLOGIE (SFO),75014
SOCIETE FRANCAISE DE PHYSIQUE,75008
SOCIETE FRANCAISE DE PHOTOGRAPHIE,75058
SOCIETE PARISIENNE DE SAUVETAGE,75008
ENCOURAGEMENT DES ETUDES GRECQUES  EN FRANCE,75007
SOCIETE DES ARTISTES INDEPENDANTS,75116
SOCIETE D'ANTHROPOLOGIE DE PARIS,75016
SOCIETE FRANCAISE D'ARCHELOLOGIE POUR LA CONNAISSANCE ET LA CONSERVATION DES MONUMENTS HISTORIQUES,75191
FOI ET VIE,75009
LYCEE DE SENS,89000
LES AMIS DE LA VILLA MEDICIS,75005
ECOLE MASSILLON,75005
LES AMIS DU MUSEE CARNAVALET,75008
LE FOURNEAU ECONOMIQUE,25000
SOCIETE DES ETUDES HISTORIQUES,75008
SOCIETE DE L'ECOLE DES CHARTES,75008
SOCIETE D'ECOLOGIE,75007
LIGUE HAVRAISE POUR L'AIDE AUX PERSONNES HANDICAPES ET LA LUTTE CONTRE LES FLEAUX SOCIAUX,76000
ECOLE SUP DES SCIENCES ECONOMIQUES ET COMMERCIALES (ESSEC),75008
"UNION NATIONALE DES ASSOCIATIONS DES PARENTS, DE PERSONNES HANDICAPÉES MENTALES ET DE LEURS AMIS - LES PAPILLONS BLANCS», DITE «UNAPEI»",75876
FROID,75783
LE SECOURS DE L'ENFANCE,25000
SOCIETE PROTECTRICE DES ANIMAUX DU DAUPHINE (SPAD),38034
ANCIENS BARBISTES,75005
INITIADROIT,75008
SOCIETE CENTRALE D'HORTICULTURE DE LA SEINE MARITIME - LES AMIS DES FLEURS,76064
SOCIETE D'HORTICULTURE ET DE BOTANIQUE DE L'ARRONDISSEMENT DU HAVRE,76000
FONDS LORRAIN D'AIDE MEDICALE ET SOCIALE AUX ENFANTS BLEUS ET AUX INVALIDES CARDIAQUES,54000
CENTRES MEDICO-PSYCHO-PEDAGOGIQUES (FDCMPP),75019
COMITE DE LIAISON DES ASSOCIATIONS HISTORIQUES ET ARCHEOLOGIQUES ET DE SAUVEGARDE DU PATRIMOINE DE L'ENTRE-DEUX-MERS,33420
"ASSOCIATION DEPARTEMENTALE DES AMIS ET PARENTS D’ENFANTS INADAPTES MENTAUX DE MEURTHE-ET-MOSELLE», DITE «AEIM-ADAPEI 54»",54602
ECOLE D'ENSEIGNEMENT TECHNIQUE DE L'ARMEE DE L'AIR,17136
ŒUVRE LOUIS CONLOMBANT,75010
ENFANTS D'ASIE,75006
SOCIETE FRANCAISE DE SANTE PUBLIQUE,54520
SOCIETE DE LINGUISTIQUE DE PARIS,75014
COMITE NATIONAL DE L'ORGANISATION FRANCAISE,92807
FEDERATION  DES ASSOCIATIONS LAIQUES D'ILLE ET VILAINE LIGUE DE L'ENSEIGNEMENT-FEDERATION  DES ASSOCIATIONS D'ILLE ET VILAINE,35000
CAISSE DE SECOURS DES ELEVES À L' ECOLE CENTRALE DES ARTS ET MANUFACTURES,92295
SOCIETE PROTECTRICE DES ANIMAUX DE SAINTES,17100
AMIS DE L'UNIVERSITE DE LYON,69239
LA CORDEE DU BEL AIR,75005
COMITE DU VAR DE LA LIGUE CONTRE LE CANCER,83000
AIDE ET PROTECTION DE L'ENFANCE ET DE LA JEUNESSE (AAPEJ),97418
SOCIETE FRANCAISE D'ANESTHESIE ET DE REANIMATION (SFAR),75700
ACADEMIE LORRAINE DES SCIENCES,54000
HORIZON CANCER,93500
AFS VIVRE SANS FRONTIERE (AFS-VSF),94410
SOCIETE DES ARTISTES DU NORD,59000
CHAPITRE FRANCAIS DU COLLEGE INTERNATIONAL DE CHIRURGIENS,51100
COLLEGE ET DU LYCEE HENRI WALLON,59300
SOCIETE INDUSTRIELLE DU NORD DE LA FRANCE,59028
ENTENTE DES GENERATIONS POUR L'EMPLOI ET L'ENTREPRISE (EGEE),75014
SOCIETE D'HORTICULTURE DU NORD DE LA FRANCE,59000
SCLERODERMIQUES DE FRANCE,89000
LYCEE JULES RENARD,58002
SOCIETE POLYMATHIQUE DU MORBIHAN,56000
UNION NATIONALE DE FAMILLES ET AMIS DE PERSONNES MALADES ET/OU HANDICAPEES PSYCHIQUES (UNAFAM),75007
HEMOPHILES (AFH),75005
ASILE DE MORLOT,69338
INTERNAT DES HOSPICES CIVILS DE LYON,69437
FEDERATION  FRANCAISE POUR LE DON D'ORGANES ET DE TISSUS HUMAINS (FRANCE ADOT),75016
SOCIETE LIBRE D'EMULATION DE LA SEINE-MARITIME,76000
LA RAHLA - AMICALE DES SAHARIENS,75270
ECOLE MILITAIRE DE L'AIR,75017
POUR PERPETUER L'ESPRIT DE LIBERTE AR ZENITH,35400
CENTRE ETIENNE MARCEL,75008
SOCIETE PROTECTRICE DES ANIMAUX DE BESANCON ET DE FRANCHE-COMTE,25000
FEDERATION  FRANCAISE DE CINEMA ET VIDEO (FFCV),75006
SOCIETE D'HISTOIRE NATURELLE DE LA SAVOIE,73008
PUERICULTRICES DIPLOMEES ET DES ETUDIANTES (ANPDE),75008
"SOCIETE D'AGRICULTURE, SCIENCES ET ARTS DE LA SARTHE",72015
TRANSFUSION SANGUINE,06721
BRETAGNE VIVANTE SOCIETE POUR L'ETUDE ET LA PROTECTION DE LA NATURE EN BRETAGNE,29276
ECOLE DE L'AIR,92100
INSTITUT DE CINEMATOGRAPHIE SCIENTIFIQUE (ICS),92195
OFFICE CENTRAL DE LA COOPERATION A L'ECOLE (OCCE),75005
POUR LES FAMILLES PASTORALES,75116
COMEDIENS COMBATTANTS,75007
CLUB ISAMBERT,95600
UNION NATIONALE INTERFEDERALE DES ŒUVRES ET ORGANISMES PRIVES SANITAIRES ET SOCIAUX (UNIOPSS),75015
ACADEMIE DU CENTRE,36000
SOCIETE DES EXPLORATEURS ET DES VOYAGEURS FRANCAIS,75001
SOCIETE D'HISTOIRE LITTERAIRE DE LA FRANCE,75005
UNION POUR LA DEFENSE DE LA SANTE MENTALE DANS LA REGION EST DE PARIS,94120
SOCIETE NARBONNAISE POUR LA PROTECTION DES ANIMAUX,11100
AMIS DE PONTIGNY-CERISY,50210
CONSEIL INTERNATIONAL DE LA LANGUE FRANCAISE,75009
COMITE D'ACTION SOCIALE EN FAVEUR DES ORIGINAIRES DES DEPARTEMENTS D'OUTRE-MER EN METROPOLE,75001
GROUPE D'ETUDES ET DE RECHERCHES DES INFIRMIERS PSYCHIATRIQUES,01000
CAISSE DE SECOURS MUTUELS DE BORDEAUX,33806
MUSEE INTERNATIONAL DES HUSSARDS,65000
"LAIQUE POUR L'EDUCATION, LA FORMATION, LA PREVENTION ET L'AUTONOMIE (ALEFPA)",59003
SOCIETE FRANCAISE D'HISTOIRE DE LA MEDECINE,75006
SOCIETE DU MANOIR D'ARGENTELLES,61310
ASSOCIATION LES VIEILLES RACINES,75015
SOCIETE PROTECTRICE DES ANIMAUX AUTONOME DU MAINE-ET-LOIRE,49000
CHIENS GUIDES D'AVEUGLES - CENTRES PAUL CORTEVILLE,59435
CAMPING ET CARAVANING (FFCC),75008
DONNEES ECONOMIQUES ET SOCIALES (CIDES),75007
FEDERATION DES APAJH,75018
GLENANS,75016
SOCIETE DIEPPOISE DE PROTECTION DES ANIMAUX,76000
SAUVEGARDE ET PROTECTION DES ANIMAUX DE BERGERAC,24100
DEFENSE DES ANIMAUX DE MARSEILLE ET DE PROVENCE,13005
DOCTEURS (ANDES),75252
SOCIETE PROTECTRICE DES ANIMAUX DES COTES D'ARMOR,22042
SAUVEGARDE DU SITE ARCHEOLOGIQUE D'ARGENTOMAGUS,36200
COUPLES ET FAMILLES,75002
ALLIANCE ISRAELITE UNIVERSELLE (AIU),75007
SOCIETE PROTECTRICE DES ANIMAUX DE BASSE-NORMANDIE,14790
FOYER SAINT LOUP,77000
SOCIETE DES SCIENCES NATURELLES DE L'OUEST DE LA FRANCE,44000
ACTION POUR LE HANDICAP (CCAH),75008
RAYONS DE SOLEIL DE L'ENFANCE,69800
READAPTATION SOCIALE (ANRS),75001
ENSET ET DE L'ENS DE CACHAN,94235
AMIS DE L'ART DE MARCEL DUPRE,75006
ŒUVRES SOCIALES ET HOSPITALIERES DE L'ORDRE DE SAINT-JEAN DE TERRE SAINTE EN BRETAGNE,56770
L'OASIS,75013
"FEDERATION  DES ASSOCIATIONS DE PARENTS D'ENFANTS DEFICIENTS AUDITIFS ""FEDERATION ANPEDA""",75680
UNION NATIONALE DES AVEUGLES RADIO AMATEURS DE FRANCE,75015
ŒUVRES DE L'ORDRE EQUESTRE DU SAINT-SEPULCRE EN FRANCE,75015
LES AMIS DE LA BIBLIOTHEQUE DU SAULCHOIR,75008
RENOVATION,33073
FEDERATION FRANCAISE DES SOCIETES DE PROTECTION DE LA NATURE FRANCE NATURE ENVIRONNEMENT,75006
FRANCE NATURE ENVIRONNEMENT,75724
LA VIE AU GRAND AIR DE SAINT-MAUR,94100
SOCIETE DES CINCINNATI DE FRANCE,75008
ASSOCIATION NATIONALE POUR LE DEVELOPPEMENT DES TECHNIQUES DE MARKETING,75014
COMITE DES ŒUVRES DE SOLIDARITE DU XVEME ARRONDISSEMENTNOTRE VILLAGE,75017
LES AMIS DU ROYAUME DE LA MUSIQUE,75004
"UNION DES ASSOCIATIONS POUR LA REHABILITATION ET L'ENTRETIEN DES MONUMENTS ET DU PATRIMOINE ARTISTIQUE DITE ""UNION REMPART""",75013
COMITE FRANCAIS DE GEOLOGIE DE L'INGENIEUR,75006
ASSOCIATION C.L.E.R. AMOUR ET FAMILLE,75005
"SOCIETE DES LETTRES,  SCIENCES ET ARTS DE LA LOZERE",48002
ADAVIE,88010
SOCIETE LORRAINE POUR LA PROTECTION DES ANIMAUX,54011
ASSOCIATION DES GRANDES ORGUES DE CHARTRES,28000
AIDE MEDICO-SOCIALE AUX VIEILLARDS DU 18EME ARRONDISSEMENT,75007
ASSOCIATION NATIONALE D'ACTION SOCIALE DES PERSONNELS DE LA POLICE NATIONALE ET DU MINISTERE DE L'INTERIEUR (ANAS),75004
MISSION EVANGELIQUE CONTRE LA LEPRE,75002
FEDERATION  NATIONALE DES GROUPEMENTS DES ENTREPRISES FRANCAISES DANS LA LUTTE CONTRE LE CANCER (FEGEFLUC),13006
SOCIETE D'ENTRAIDE DES ELEVES ET A.E. DE L'ECOLE DES CHARTES,75002
ASSOCIATION GAETAN SALEUN -  DON DU SANG ET RECHERCHE EN GENETIQUE,29200
ASSOCIATION DES INGENIEURS DIPLOMES DE LA FONDATION EPF (AEPF),92330
CONSEIL NATIONAL DE LA PROTECTION CIVILE,75181
ASSOCIATION VAINCRE LA MUCOVISCIDOSE,75006
UNIAGRO,75340
ASSOCIATION A CŒUR JOIE,69264
LA LETTRE D'AMAZONIE,75116
L' INITIATIVE,75012
FEDERATION  NATIONALE DES ADEPAPE (FNADEPAPE),54510
ASSOCIATION L'AGE D'OR DE FRANCE,75017
SOCIETE DES PEINTRES GRAVEURS,75009
ASSOCIATION NATIONALE DES COLLECTIONNEURS ET AMATEURS D'HORLOGERIE ANCIENNE ET D'ART (ANCAHA),75006
UNION NATIONALE DES JEUNESSES MUSICALES DE FRANCE,75008
ASSOCIATION POUR L'ACCUEIL ET LA FORMATION DES TRAVAILLEURS ETRANGERS,76550
FEDERATION ESCOLA GASTON FEBUS,64000
"SOCIETE DE BORDA - SCIENCES, LETTRES ET ARTS DES LANDES",40100
CONSEIL INTERNATIONAL DES FEMMES,75001
ASSOCIATION FRANCE BENEVOLAT,75008
ASSOCIATION BIOLOGIE SANS FRONTIERES (B.S.F.),69426
SOCIETE ARCHEOLOGIQUE DU FINISTERE,29107
OFFICE INTERNATIONAL DE L'EAU,75007
ASSOCIATION LES PETITS FRERES DES PAUVRES,75011
FEDERATION  FRANCAISE DES ASSOCIATIONS DE CHIENS GUIDES D'AVEUGLES (FFAC),75020
LES CHIENS-GUIDES D'AVEUGLES DE L'OUEST,49000
LES AMIS DE CAMILLE PISSARRO,95300
BUREAU DE COORDINATION DES ASSOCIATIONS DE DEVENUS-SOURDS ET MALENTENDANTS,75018
SOCIETE PROTECTRICE DES ANIMAUX VAUCLUSIENNE,84022
DEFI FRANCAIS POUR LA COUPE DE L'AMERICA,92100
MAISON DE LA NATURE ET DE L'ENVIRONNEMENT (S.E.P.A.N.S.O),33800
ASSOCIATION CONVENTION NALE DES ASSOCIATIONS DE PROTECTION DE L'ENFANT,75007
FEDERATION  NATIONALE DES SOURDS DE France (F.N.S.F.),75005
LE SOUVENIR NAPOLEONIEN,75008
ASSOCIATION AIDE MEDICALE ET DEVELOPPEMENT,38100
DEFENSE ET PROTECTION DES ANIMAUX DE LA NIEVRE ET DU CENTRE,58160
FEDERATION NATIONALE DE SAUVEGARDE DES SITES ET ENSEMBLES MONUMENTAUX - FNASSEM,75020
SOCIETE MUSICALE RUSSE FRANCAISE,75007
ASSOCIATION POUR LA RENAISSANCE DU CHATEAU DES DUCS D'EPENON,33410
FACULTES LIBRES DE PARIS ET DE MONTPELLIER INSTITUT PROTESTANT DE THEOLOGIE,75002
SOCIETE D'ETUDE DU XVIIE SCIECLE,75011
SOCIETE DE SAUVEGARDE DES MONUMENTS ANCIENS DE L'ARDECHE,07000
ASSOCIATION JEAN CHIEZE POUR L'ENCOURAGEMENT A LA GRAVURE SUR BOIS,75847
SOCIETE DE DEFENSE DES ANIMAUX DU NORD,59400
GRANDES ECOLES FEDEREES D'INGENIEURS DE LA REGION NORD INSTITUT POLYTECHNICUM DE LILLE,59046
LES AMIS D'UN COIN DE L'INDE ET DU MONDE (LACIM),42540
ECOLE ALSACIENNE,75006
ŒUVRES DE LA MIE DE PAIN,75005
MOUVEMENT ALPES DE LUMIERE,04300
SOCIETE DES AMIS DU MUSEE NATIONAL DE LA LEGION D'HONNEUR ET DES ORDRES DE CHEVALERIE,75005
LIGUE DES DIABETIQUES DE FRANCE,64000
ASSOCIATION DES AMIS DU MUSEE DES BLINDES ET DE LA CAVALERIE (AAMBC),49400
ENFANCE ET FAMILLES D'ADOPTION,75015
FONDS SOCIAL JUIF UNIFIE (FSJU),75005
SOCIETE FRANCAISE DE BIOLOGIE CLINIQUE (SFBC),75001
ASSOCIATION VOTRE ECOLE CHEZ VOUS,75017
ASSOCIATION INTERNATIONALE DE DEFENSE DU SAUMON ATLANTIQUE,75010
ASSOCIATION NATIONALE SECOURS POPULAIRE FRANCAIS,75311
MAISONS PAYSANNES DE FRANCE,75009
"ASSOCIATION NATIONALE POUR LA PROTECTION DES EAUX ET RIVIERES DITE ANPER",63880
LES AMIS DE MATHURIN MEHEUT,22404
FEDERATION  DES PARENTS D'ELEVES DES ETABLISSEMENTS D'ENSEIGNEMENT FRANCAIS A L'ETRANGER (FAPEE),75007
MOUVEMENT POUR LA PROTECTION DES MONUMENTS BRETONSBREIZ-SANTEL,56000
SOCIETE ARCHEOLOGIQUE ET HISTORIQUE DE VERVINS ET DE LA THIERACHE,02140
FEDERATION  NATIONALE DES ASSOCIATIONS DE PARENTS D'ENFANTS DEFICIENTS VISUELS ET DE LEURS AMIS (F.N.D.V.),75009
ASSOCIATION FRANCAISE DES TECHNICIENS ET INGENIEURS SECURITE ET DES MEDECINS DU TRAVAIL,94340
CENTRE DE DOCUMENTATION HISTORIQUE SUR L'ALGERIE (CDHA),13090
CONSEIL NATIONAL DES INGENIEURS ET DES SCIENTIFIQUES DE FRANCE (IESF),75008
"LES COULEURS DU REVE DANS UN CIEL D'ENFANT ARC-EN-CIEL",01420
ENTRAIDE DU CINEMA ET DES SPECTACLES-OSC,75008
FRANCAIS DU MONDE - ADFE (ASSOCIATION DEMOCRATIQUE DES FRANCAIS A L'ETRANGER),75015
CROIX BLEUE DES ARMENIENS DE FRANCE,75009
LIGUE POUR LA PROTECTION DES OISEAUX (LPO),17305
"ASSOCIATION CONNAISSANCE DE LA MEUSE",55100
CONFEDERATION NATIONALE DES GROUPES FOLKLORIQUES FRANCAIS,75016
ASSOCIATION DES ANCIENS ELEVES DE ECOLE NATIONALE SUPERIEURE DES MINES DE NANCY,75005
UNION NATIONALE DES ASSOCIATIONS AUTONOMES DES PARENTS D'ELEVES (UNAAPE),92120
AMNESTY INTERNATIONAL FRANCE (AI FRANCE OU AIF),75940
ECOMUSEE DE LA BRESSE BOURGUIGNONNE,71270
ASSOCIATION DES GEOLOGUES DU BASSIN DE PARIS,75005
ASSOCIATION AIDES,93000
ASSOCIATION GENERALE DES INTERVENANTS RETRAITES (AGIR),75014
ASSOCIATION LES  AMIS DE MOZART ET DES MAITRES CLASSIQUES COMITE NATIONAL POUR LES COMMEMORATIONS MUSICALES,75008
SOCIETE DES AMIS DE COLETTE,89100
UNION NATIONALE DES ASSOCIATIONS FRANCE ALZHEIMER ET MALADIES APPARENTEES,75002
FRANCE REIN,75011
ASSOCIATION POUR LA PROTECTION ET LA SAUVEGARDE DU SITEET L'ENVIRONNEMENT DES HORTILLONAGES (APSSEH),80440
GROUPE ORNITHOLOGIQUE NORMAND (GONM),14000
ASSOCIATION POUR LA RECHERCHE SUR LA SCLEROSE LATERALE AMYOTROPHIQUE,75010
"FEDERATION  NATIONALE DES FRANCAS",75020
LES AMIS DU VIEUX CHAMONIX ET DE LA HAUGE VALLEE DE L'ARVE,74400
ANIMAUX-SECOURS-ANIMALS'VOICE,74380
ASSOCIATION ECOLE DE LA CAUSE FREUDIENNE,75015
ASSOCIATION POUR LE DEVELOPPEMENT DU MECENAT INDUSTRIEL ET COMMERCIAL,75010
FEDERATION  FRANCAISE DES ASSOCIATIONS D' INFIRMES MOTEURS CEREBRAUX,75005
JEUNESSE LOUBAVITCH OU BETH LOUBAVITCH,75009
ACADEMIE DE LANGUE BASQUE EUSKALTZAINDIA,64000
REPORTERS SANS FRONTIERES (RSF),75002
LE CLUB VOSGIEN,67000
ASSOCIATION POUR LA RECHERCHE ET LES ETUDES DANS LES MALADIES INFANTILES GRAVES,54501
"ASSOCIATION REGIONALE POUR LA SAUVEGARDE DE L'ENFANT, DE L'ADOLESCENT ET DE L'ADULTE ARSEAA",31081
LA STRASBOURGEOISE,67000
"ASSOCIATION DES CONCERTS PASDELOUP",75008
UNION NATIONALE DES ASSOCIATIONS POUR LA DEFENSE DES FAMILLES ET DE L'INDIVIDU VICTIMES DE SECTES (UNADFI),78000
"ASSOCIATION DES AGRONOMES ET VETERINAIRES SANS FRONTIERES (AVSF)",69361
"ASSOCIATION FRANCAISE DES AMIS DE L'ORIENT",75016
ASSOCIATION SOLIDARITE ENFANTS SIDA -SOL-EN-SI,75003
ASSOCIATION - PREMIERE FONDATION CAMBODGIENNE KROUSAR THMEY FRANCE - NOUVELLE FAMILLE,75002
ASSOCIATION FRANCOIS AUPETIT,75019
"UNION NATIONALE DE L' AIDE, DES SOINS ET DES SERVICES AUX DOMICILES (UNA)",75011
ASSOCIATION EUROPEENNE CONTRE LES LEUCODYSTROPHIES (ELA),54521
LES AMIS DE KAREN,75014
LIGUE FRANCAISE CONTRE LA SCLEROSE EN PLAQUES,75015
HANDICAP INTERNATIONAL,69363
INSTITUT DE LA MAISON DE BOURBON,75008
SOCIETE DES INGENIEURS DIPLOMES PAR L'ETAT (SIDPE),94220
FEDERATION  NATIONALE V.M.E.H.,75014
SOCIETE PSYCHANALYTIQUE DE PARIS,75013
MAISONS D'ACCUEIL L'ILOT,75019
ENSEMBLE CONTRE LE SIDA SIDACTION,75010
VILLA SAINT-CAMILLE,06590
YVELINES ENVIRONNEMENT (U.D.A.S.E.Y.),78200
LES AMIS DE L'INSTITUT DOMINICAIN D'ETUDES ORIENTALES (IDEO),75013
SOCIETE FRANCAISE D'ALCOOLOGIE,92130
ASSOCIATION FRANCAISE RETINITIS PIGMENTOSA AFRP - RETINA FRANCE,31771
LES AMIS DE LA CATHEDRALE DE CHARTRES,28007
UNION  REGIONALE INTERFEDERALE DES ŒUVRES ET ORGANISMES PRIVES SANITAIRES ET SOCIAUX  (URIOPSS),75013
ASSOCIATION SŒUR EMMANUELLE - ASMAE (AIDE SOCIO-MEDICALE À L'ENFANCE),75014
PERSONIMAGES,75013
INSTITUT PIERRE MENDES FRANCE,75343
UNION NATIONALE CULTURE ET BIBLIOTHEQUES POUR TOUS (UNCBPT),75015
GROUPE DE RECHERCHE POUR L'EDUCATION ET LA PROSPECTIVE EN MIDI-PYRENEES,31013
"FEDERATION ALLIANCE, JUSQU'AU BOUT ACCOMPAGNER LA VIE",33640
"(ASSOCIATION POUR LA COMMUNICATION, L'ESPACE ET LA REINSERTION DES MALADES ADDICTIFS) ACERMA",75019
UNION INTERNATIONALE CONTRE LA TUBERCULOSE ET LES MALADIES RESPIRATOIRES,75006
FRANCE PSORIASIS,75019
ASSOCIATION MAIN DANS LA MAIN ET SOLIDAIRES (MDMS),75006
ASSOCIATION AU SERVICE DE NOS RETRAITES,98807
ASSOCIATION ALLIANCE GALATASARAY,75008
"ASSOCIATION UNIVERSITE SANS FRONTIERE U.S.F",86000
ASSOCIATION UNIVERSITAIRE D'ETUDES DROMOISES (A.U.E.D),26500
"ASSOCIATION SAINT BENOIT-JOSEPH LABRE",04001
ASSOCIATION COOPERATION HUMANITAIRE,97400
ASSOCIATION AUTISME FRANCE,75015
"ASSOCIATION AIDE ET ACTION FRANCE",75011
FEDERATION  NATIONALE COMPAGNONNIQUE DES METIERS DU BATIMENT,75019
ASSOCIATION A CHACUN SON EVEREST,74400
ASSOCIATION ALPES INSERTION,38600
ASSOCIATION RESEAU ENTREPRENDRE,59100
FEDERATION  FRANCAISE SESAME - AUTISME,75013
INSTITUT DE RELATIONS INTERNATIONALES ET STRATEGIQUES -IRIS,75011
SOCIETE INFORMATIQUE DE France,75005
HYPERSUPERS TDAH France,75019
INSEME,20000
JEUNES TALENTS,75020
SOCIETE NATIONALE DES SCIENCES NATURELLES ET MATHEMATIQUE DE CHERBOURG,50100
L’ORCHIDEE,69600